tau,deg,rep,n_test,LAP,W,eta,seconds
1,1,1,300,0.0021523033901720834,0.12908050339494173,0.016674116799705832,6.18
1,1,0,300,0.0025283087674014826,0.12789230380760105,0.019769045455659523,6.23
1,4,0,300,0.0029963648581619595,0.1242462526205549,0.024116339889242267,6.24
1,1,2,300,0.0022714256899211693,0.12816631928127534,0.017722485147882504,6.25
1,4,1,300,0.0032325409529897348,0.12344522588915548,0.026186034572874557,5.74
1,4,2,300,0.0030702785921650905,0.12494250195818296,0.024573532177166443,5.73
1,8,0,300,0.0021954424862992983,0.13483725571121255,0.0162821653015646,5.8
1,8,1,300,0.00204848473095523,0.13742159353561664,0.014906570927110578,6.03
1,8,2,300,0.0020591164853962507,0.1357113585037404,0.015172764520955692,5.5
1,16,0,300,0.0011704755210696915,0.18090637020815487,0.006470062495438478,5.61
1,16,1,300,0.0009388971103795885,0.18704452463291954,0.0050196449867869804,5.57
1,16,2,300,0.0010894783951247156,0.18735793451370691,0.005814957332618387,5.55
2,1,0,300,0.007469262959581918,0.1332069454833145,0.05607262393474459,5.24
2,1,1,300,0.008772515089807156,0.13144012294095433,0.06674153137963781,5.2
2,1,2,300,0.007522801207662522,0.1334701971464017,0.056363153486698306,5.24
2,4,0,300,0.009617014050414555,0.12914763264635945,0.07446527554050096,5.24
2,4,1,300,0.010051293137022466,0.13075829045813464,0.07686926084614593,5.6
2,4,2,300,0.01010986158937871,0.12827994465873074,0.07881092883438995,5.59
2,8,0,300,0.0072763909712524055,0.14242263557674562,0.05109013003295717,5.65
2,8,1,300,0.006607176123165109,0.14668852970194862,0.045042213843100094,5.69
2,8,2,300,0.0073794426493649645,0.14432125171659013,0.05113205824916413,5.14
2,16,0,300,0.004639210791740317,0.18639351727228395,0.024889335528570717,5.34
2,16,1,300,0.004605813895492805,0.18356769762708194,0.025090546730337726,5.36
2,16,2,300,0.0046697257675018256,0.18748701568106557,0.024906928890721172,5.35
1,1,1,2000,0.002325387298151474,0.12694340032299972,0.01831830006313576,21.33
1,1,2,2000,0.002166181017456484,0.1267967406599837,0.01708388564391638,21.38
1,1,0,2000,0.0023663232819221003,0.12794875174357562,0.018494305334564663,21.57
1,1,3,2000,0.002355638027690482,0.1273860745455403,0.01849211568921017,21.77
1,1,4,2000,0.0023422935786339694,0.12823961968196432,0.018264976022565285,20.79
1,1,5,2000,0.002188091771953546,0.12703657738217178,0.017224108339844342,20.84
1,1,7,2000,0.0022280632564022074,0.12661066945546012,0.01759775274852337,20.7
1,1,6,2000,0.002209020216454388,0.12668136809658945,0.017437609410486467,20.92
1,1,8,2000,0.0024763692217250055,0.1282133562495826,0.019314440352879127,20.85
1,1,9,2000,0.0022254133489535005,0.12681650368808958,0.017548294458795334,21.08
1,1,10,2000,0.0023896201759898983,0.12686022540659656,0.01883663826334051,20.95
1,1,11,2000,0.002343902332490738,0.12756737972834056,0.018373837712134283,21.6
1,1,12,2000,0.0022409041512273242,0.12550087760542714,0.01785568510741967,20.86
1,1,13,2000,0.002206195300410954,0.12551672595394905,0.01757690286807184,20.9
1,1,14,2000,0.002376807104566281,0.12815143418679634,0.018546863089349393,20.92
1,1,15,2000,0.0023546444334470867,0.12706185676997384,0.018531481384770038,20.83
1,1,16,2000,0.0024169315796941926,0.12924534358211298,0.018700337766200854,20.61
1,1,17,2000,0.0023176142465040905,0.12645195061523085,0.018328022899038926,20.87
1,1,19,2000,0.002421848518042613,0.1284637843094395,0.018852383425113344,20.35
1,1,18,2000,0.0022850994282572062,0.12598785026838233,0.01813745867866967,20.94
1,1,20,2000,0.002469382729330491,0.12741799526233769,0.0193801725121035,38.0
1,1,23,2000,0.002426253631013453,0.1266646633321132,0.019154936879687157,38.06
1,1,22,2000,0.0022794365228070435,0.12750789948037275,0.017876825922914025,38.09
1,1,21,2000,0.002556612756944965,0.1279810716883037,0.01997649123591935,38.44
1,1,24,2000,0.002245239643443378,0.1262279164476802,0.017787187704821225,18.95
1,1,26,2000,0.0023355595513841476,0.12624221736106403,0.018500622059768157,18.94
1,1,27,2000,0.002404324859833093,0.12712719783592227,0.018912749598526145,19.06
1,1,25,2000,0.0024045623830163676,0.12597519101701982,0.01908758671928904,19.64
1,1,28,2000,0.0023905936742863315,0.12723754389132044,0.01878842990185546,19.23
1,1,29,2000,0.0021756009361377504,0.1277377907213106,0.017031772068802447,19.42
1,1,31,2000,0.0023740795917217977,0.12656441503362448,0.018757875909204604,19.46
1,1,30,2000,0.002231965144789294,0.12712986450566277,0.017556576131565648,19.82
1,1,32,2000,0.0025793043507087443,0.12926201028962905,0.01995407888929983,18.91
1,1,35,2000,0.002185237939985679,0.12499955761866083,0.017481965389447515,18.86
1,1,34,2000,0.002162646765341489,0.12661457384998054,0.017080551626733775,18.88
1,1,33,2000,0.002197550328823669,0.12673719600011543,0.01733942676798426,18.89
1,1,36,2000,0.0023013427403877212,0.12579702839603032,0.018294094619967533,19.01
1,1,38,2000,0.0021036817848227446,0.12612239217745286,0.016679685094006833,18.4
1,1,37,2000,0.0022645651485197066,0.12619558737589415,0.01794488377612071,18.47
1,1,39,2000,0.0023551936768405057,0.12767130837793997,0.01844732153812136,18.53
1,1,40,2000,0.0021916418482074568,0.1264566205221568,0.017331175221652024,18.76
1,1,41,2000,0.002312106434419675,0.12799923515845202,0.018063439453817727,18.64
1,1,43,2000,0.0023480059653461782,0.12799945435710613,0.01834387480118054,18.68
1,1,42,2000,0.002293869597985748,0.12561467063776535,0.018261159993012067,19.2
1,1,44,2000,0.002419918722678077,0.12780243669034108,0.018934840253018174,18.91
1,1,45,2000,0.0022943103921559405,0.12768235123448152,0.017968892098036066,19.27
1,1,46,2000,0.0023374653458047984,0.12718777550337002,0.018378066103867538,19.18
1,1,47,2000,0.002587573752617922,0.12947713464899435,0.019984793142300356,18.86
1,1,48,2000,0.002310606440969948,0.12850372918999894,0.017980851260383308,18.86
1,1,49,2000,0.002342807937103966,0.12684330159960355,0.01847009583919005,18.95
1,4,2,2000,0.002957766023189465,0.123981780086779,0.023856457143293354,18.76
1,4,3,2000,0.0030350619955491764,0.1242762305583002,0.024421902578750765,18.83
1,4,0,2000,0.0030821890029925775,0.1233219212963488,0.024993034252085013,18.84
1,4,1,2000,0.0030049199632051354,0.12453260284706312,0.024129584498409937,18.91
1,4,6,2000,0.002926295627387304,0.12230078487621066,0.023927038819490952,18.7
1,4,7,2000,0.0029672195513899408,0.12344174095014887,0.02403740848558052,18.83
1,4,4,2000,0.002966095263313012,0.1239554764552054,0.0239287149558486,19.0
1,4,5,2000,0.00298495558320766,0.12454181072927767,0.023967497868616967,19.66
1,4,9,2000,0.0029121457697784126,0.12315456763718054,0.023646266847022177,19.01
1,4,8,2000,0.0029188039515938707,0.122682033408718,0.023791616999612394,19.31
1,4,10,2000,0.0030759016737791633,0.12348864357511846,0.02490837687360364,19.24
1,4,11,2000,0.002914186493826826,0.12260398544090027,0.023769100844046976,19.11
1,4,12,2000,0.0031400088878603405,0.12479087738344444,0.02516216692837288,19.15
1,4,13,2000,0.0029567084112525066,0.12370348831682043,0.023901576677288185,19.22
1,4,14,2000,0.0031637564614838826,0.12477501630851287,0.025355688623284377,19.32
1,4,15,2000,0.0027871859450976644,0.12287806823188936,0.022682533874456963,19.06
1,4,16,2000,0.0029728346654835647,0.12278150407406978,0.024212398177580214,19.13
1,4,17,2000,0.0029730155762177357,0.12435382546197886,0.023907713053240444,18.53
1,4,19,2000,0.0029759547419900695,0.12341537839702273,0.024113321861855275,18.54
1,4,18,2000,0.003082051033202318,0.12489515540009015,0.02467710635636147,18.65
1,4,20,2000,0.0031261199384540195,0.12300168154635922,0.025415261800919263,18.65
1,4,21,2000,0.0029950215858337154,0.12400299529168325,0.024152816460511647,18.82
1,4,22,2000,0.0029699909518221407,0.12456152831139658,0.023843565441789828,18.87
1,4,23,2000,0.003031448993874017,0.12235924405581002,0.024774989558543892,19.07
1,4,24,2000,0.0029737556956005162,0.12299457506948049,0.024177941945168077,19.26
1,4,26,2000,0.002962729693293961,0.12253389058330597,0.024178859246126016,18.8
1,4,25,2000,0.0028450019796669307,0.1226222285800362,0.023201356007079763,18.96
1,4,28,2000,0.0028197234313475372,0.12256154669862641,0.023006591441613544,19.08
1,4,27,2000,0.003003074585328433,0.12234295214465474,0.024546363584374564,19.52
1,4,29,2000,0.00285777471339857,0.12365487592785243,0.02311089386451663,19.12
1,4,30,2000,0.003087834277541862,0.12471981455068866,0.024758169250539606,19.19
1,4,31,2000,0.002942042279776555,0.12330915103104644,0.02385907497681024,19.29
1,4,32,2000,0.002934293096948523,0.12365042291992981,0.023730554474921877,19.05
1,4,33,2000,0.0028033999727179737,0.12343865081992177,0.02271087665084503,19.02
1,4,34,2000,0.0029006864455549675,0.1241263506328739,0.023368820808518504,19.17
1,4,35,2000,0.0031288834121543097,0.1245350128761334,0.025124527953166068,19.36
1,4,38,2000,0.0029658312337448867,0.1223866869530863,0.024233283109312043,19.91
1,4,39,2000,0.002873493833574159,0.12376046476713094,0.02321818877281171,19.95
1,4,37,2000,0.0030529783736914923,0.1254939408078139,0.024327695457161052,20.0
1,4,36,2000,0.0030400286631990237,0.12395623601871329,0.024525015931752558,20.06
1,4,40,2000,0.002983505884768853,0.1247974471199283,0.023906786185311567,19.24
1,4,42,2000,0.003228603251197712,0.1252896398909287,0.025769115898236942,19.35
1,4,43,2000,0.0030538490402552687,0.12373089335520873,0.024681378736094852,19.36
1,4,41,2000,0.0028762918234956775,0.12362023664633426,0.023267159985500392,20.57
1,4,44,2000,0.002957559933605816,0.12331538846287372,0.023983705281812755,20.0
1,4,46,2000,0.0030253384387097237,0.1238726551711394,0.02442297240282765,19.95
1,4,45,2000,0.003129043328217909,0.12412016810377813,0.02520978964193542,20.07
1,4,47,2000,0.0028725830128603635,0.12217125160853982,0.023512757502597025,19.9
1,4,48,2000,0.002941301673755281,0.12415151974060427,0.023691225688583464,19.2
1,4,49,2000,0.003087711470382587,0.12447196010152946,0.024806482262061256,19.34
1,8,0,2000,0.001973710555180197,0.13770128022676667,0.01433327672720172,19.82
1,8,1,2000,0.0021064540349395866,0.1382317766341041,0.0152385658799374,19.5
1,8,2,2000,0.0019615954861416096,0.13669191932459313,0.014350486084576371,19.57
1,8,3,2000,0.0020671053869939504,0.13830973053233175,0.0149454805460035,18.88
1,8,5,2000,0.0020919955168628157,0.14017010316980502,0.014924691282623428,19.09
1,8,4,2000,0.0019775289057465117,0.13676059438585372,0.014459785836899403,19.09
1,8,6,2000,0.0021351649609186174,0.13730391166391967,0.015550649177023337,19.13
1,8,7,2000,0.0020543651956909936,0.13778527759220247,0.014909903522284983,19.33
1,8,10,2000,0.002207837971297477,0.13870739821720418,0.015917232964316637,19.15
1,8,9,2000,0.0020882024333965243,0.14005458509389201,0.01490991838643913,19.22
1,8,8,2000,0.0020486993970742773,0.1363816804068698,0.015021807848109492,19.3
1,8,11,2000,0.0022605844188061663,0.13644866293520222,0.0165672888995599,19.29
1,8,13,2000,0.0019776062313206777,0.1365917200377521,0.014478229213118438,19.21
1,8,12,2000,0.0020753624689774652,0.13813280935867767,0.015024399189540473,19.23
1,8,14,2000,0.002070553656895846,0.13898951997944992,0.014897192660295428,19.16
1,8,17,2000,0.002161499320115945,0.13840439605288066,0.015617273596498287,19.19
1,8,15,2000,0.001979737365776807,0.13821983959498002,0.01432310565240092,19.48
1,8,18,2000,0.002003172431530059,0.13595228588543853,0.014734378451113733,19.63
1,8,16,2000,0.002020674607110806,0.1350257526578946,0.014965105302767314,20.72
1,8,19,2000,0.0020831784313742607,0.13568380173937714,0.015353184423411511,19.38
1,8,23,2000,0.0019921029350211394,0.1375368927618967,0.014484135092900925,19.02
1,8,20,2000,0.0020900997106895747,0.1371802649946024,0.01523615449184191,19.11
1,8,21,2000,0.0019225999481666256,0.13692415450653392,0.014041349790294894,19.11
1,8,22,2000,0.0019776245205218868,0.13722887556125785,0.014411139874414341,19.57
1,8,24,2000,0.002084156559909678,0.13809713100325455,0.015091961322936972,19.33
1,8,26,2000,0.002099399728310497,0.13795358550602851,0.015218159938429104,19.43
1,8,25,2000,0.00207489943503672,0.13648580969959748,0.015202308867152797,19.74
1,8,27,2000,0.0021470511579369522,0.13840662823309285,0.015512632489833278,19.4
1,8,28,2000,0.0020497594914913597,0.1378880409429744,0.01486538990237063,19.34
1,8,30,2000,0.0020789492973066204,0.13783105025254794,0.01508331608514453,19.39
1,8,29,2000,0.002023070136679267,0.13658819946283662,0.014811456221221443,19.78
1,8,31,2000,0.001997407827274783,0.13709185395204174,0.014569850576049018,19.62
1,8,32,2000,0.0021637633897308994,0.13716873371987925,0.015774465004172556,19.7
1,8,33,2000,0.0022654664661030943,0.138483764466918,0.01635907627745262,19.77
1,8,34,2000,0.00212873789770307,0.13812451490899005,0.015411731212997859,19.93
1,8,35,2000,0.0020449681357706806,0.1361399286532995,0.015021075418501909,20.01
1,8,36,2000,0.0020849209240944855,0.13961744957199385,0.014933097048298353,19.74
1,8,39,2000,0.0020777515897799914,0.13555740521514978,0.015327466518574109,19.03
1,8,37,2000,0.001941229500808106,0.1371025516416306,0.014158959680650174,19.04
1,8,40,2000,0.0020972740920823796,0.14102165716640544,0.014872000047535945,19.24
1,8,38,2000,0.0019623091040101848,0.1368331746851416,0.0143408870584603,19.32
1,8,41,2000,0.0021188074452884453,0.13726822308297174,0.015435527594815101,19.87
1,8,42,2000,0.0020836841383758964,0.139577419216566,0.01492851888272047,20.04
1,8,43,2000,0.0020146984497208253,0.13824833881851384,0.014573039118868765,19.91
1,8,44,2000,0.0020391770070622983,0.13833835257843427,0.014740503765260163,20.24
1,8,45,2000,0.002172432084879272,0.13797466566259717,0.015745152013571326,19.41
1,8,46,2000,0.0020866417480711608,0.1378509454246994,0.015136941873285749,19.69
1,8,47,2000,0.002175214745592985,0.13983266524465152,0.015555841274906865,19.7
1,8,48,2000,0.002102775977064375,0.1377869034530703,0.015261072891304017,19.59
1,8,49,2000,0.0020586279583579004,0.1381254879762883,0.014904041162274848,19.54
1,16,0,2000,0.0012880231077145587,0.1839990649198773,0.007000161159924538,20.04
1,16,2,2000,0.0011879219230619409,0.1867398891775215,0.0063613721111972,19.83
1,16,1,2000,0.0012505524239951327,0.18065073518325514,0.006922487321884139,20.28
1,16,3,2000,0.0012177693655094635,0.18058897646788552,0.006743320601997109,20.41
1,16,6,2000,0.001198726653392962,0.18125797701066176,0.006613373232795441,19.17
1,16,5,2000,0.001210491533328445,0.1803408285933604,0.006712243382544886,19.23
1,16,4,2000,0.0011093288081935881,0.1796822589882589,0.0061738360505923726,19.29
1,16,7,2000,0.0011879735455780638,0.18641367720038726,0.006372781028835345,19.3
1,16,9,2000,0.0011712001056592147,0.18346386792099337,0.006383818889960277,19.43
1,16,10,2000,0.001175477202492975,0.17436487148334515,0.006741479476301816,19.53
1,16,11,2000,0.0011754091447665205,0.1917590695455052,0.006129614351761292,19.75
1,16,8,2000,0.0011292266022137343,0.18507143309494067,0.00610157161118673,20.35
1,16,12,2000,0.0011073803118770154,0.1801285787863634,0.006147721362918172,19.99
1,16,13,2000,0.0011767129618847905,0.17949086304305342,0.00655583767293235,19.84
1,16,14,2000,0.0011466732753947217,0.18103467739714046,0.006333997949349974,20.11
1,16,15,2000,0.0012810299788616475,0.1803880916362744,0.00710152187564938,20.25
1,16,16,2000,0.0012144772073754695,0.18416678265287664,0.006594442221779779,20.08
1,16,18,2000,0.0013599574235963197,0.18816834268703747,0.007227344430929105,19.64
1,16,17,2000,0.001216878196151433,0.18305007756776173,0.006647788475811857,20.26
1,16,19,2000,0.0011288700865332013,0.18039071159939574,0.006257916921133664,19.91
1,16,20,2000,0.0011446550503789177,0.179753031583973,0.006367931824527718,20.16
1,16,24,2000,0.0012954578389575422,0.19258515002914162,0.006726675648467787,19.69
1,16,23,2000,0.0013013778198294468,0.1823299032990309,0.007137489771467255,19.72
1,16,21,2000,0.0011586343708159808,0.18956075368032138,0.00611220597260297,19.85
1,16,22,2000,0.001180328457195956,0.184246742937673,0.006406237843755195,20.06
1,16,26,2000,0.0012396227314089847,0.18409772731902438,0.006733503718168301,19.65
1,16,25,2000,0.0011662148183785026,0.18237863025281292,0.006394470759879586,19.7
1,16,27,2000,0.0011235397962740812,0.1832931115813988,0.006129743701661846,19.6
1,16,28,2000,0.0011989005896373695,0.18914489249372343,0.006338530075175854,19.76
1,16,31,2000,0.0012090891790293157,0.18741406901692098,0.006451432303730363,19.6
1,16,30,2000,0.0012999410426447755,0.1844457918933433,0.007047821635293652,19.71
1,16,29,2000,0.0011976977663661625,0.18286248431600763,0.006549718335316946,19.86
1,16,32,2000,0.0012453507426272437,0.17884272126484665,0.006963385111899602,19.86
1,16,33,2000,0.0012470227174322945,0.18190201435111533,0.006855464035847541,19.86
1,16,34,2000,0.0011868368523691997,0.18400499045309027,0.006450025346849322,19.86
1,16,35,2000,0.0012586895694260414,0.17675822837644078,0.007120967329144185,19.89
1,16,36,2000,0.0011874669223214396,0.1709830514376224,0.006944939351223639,20.05
1,16,37,2000,0.0012142889771435128,0.1847937818577857,0.006571048900757981,19.96
1,16,40,2000,0.0011324825666672311,0.1830046825242977,0.006188270983267712,19.28
1,16,41,2000,0.001161302149045862,0.1821504299477519,0.006375511435130678,19.29
1,16,38,2000,0.0011942636443009746,0.18129329163315278,0.006587467376992464,19.47
1,16,39,2000,0.00124980842286454,0.1844095337792869,0.0067773525438245,20.22
1,16,42,2000,0.0011904920558951093,0.1898198644816858,0.006271693740514552,19.91
1,16,43,2000,0.001184687318422084,0.17619687952064667,0.00672365663708172,19.96
1,16,44,2000,0.0012068989029147548,0.1789017722275846,0.006746153980964671,19.94
1,16,45,2000,0.001209180924586134,0.18248892602352987,0.00662605096612944,19.9
1,16,46,2000,0.0012412247025150591,0.184872891710825,0.00671393567238923,19.68
1,16,47,2000,0.0011928395288636484,0.18627887996222955,0.006403514607267942,19.87
1,16,48,2000,0.0012755663378199722,0.18611325842978124,0.0068537102008841095,19.89
1,16,49,2000,0.0011362359663501242,0.18394827295937297,0.006176931960655454,19.91
2,1,0,2000,0.008214826750694293,0.1323583121436613,0.06206506125416547,19.38
2,1,1,2000,0.008306951529101408,0.13400509546560077,0.061989818373987204,19.54
2,1,2,2000,0.00788317968494863,0.13227746126836323,0.05959578910389965,19.55
2,1,3,2000,0.007737567898246242,0.13182194058385863,0.058697117217175104,19.35
2,1,4,2000,0.008376630637137977,0.133630065763938,0.06268522423640484,19.37
2,1,8,2000,0.008088208955721765,0.13325223678176956,0.06069848545182789,18.61
2,1,6,2000,0.008046982920025592,0.13334673379891915,0.060346306885627046,18.65
2,1,7,2000,0.008234278735547565,0.13291344806652763,0.061952186594587726,18.73
2,1,5,2000,0.008362980891308075,0.134281751463153,0.06227935516318375,18.75
2,1,10,2000,0.008530756571179854,0.1346237199928815,0.06336741082203741,18.94
2,1,12,2000,0.008173907673058353,0.13238914446539848,0.06174152500241214,19.03
2,1,11,2000,0.007869399535471583,0.13296580327383,0.05918363475205221,19.18
2,1,9,2000,0.007945378581868542,0.13288622113103207,0.059790838464990476,19.4
2,1,13,2000,0.008432082384323886,0.13386487759607257,0.06298950505723447,19.21
2,1,14,2000,0.007988781980910742,0.1328253216590973,0.0601450226592663,19.18
2,1,16,2000,0.008242036458798535,0.13213394236170473,0.062376375906780294,19.02
2,1,15,2000,0.007988456183702308,0.13230442421779187,0.06037935791589384,19.26
2,1,17,2000,0.007902958919160749,0.13212514993044094,0.05981419073750431,19.45
2,1,19,2000,0.008015915499906337,0.13257212012424036,0.06046456443778826,19.24
2,1,18,2000,0.007983234700922215,0.13328906258647608,0.059894146946549376,19.35
2,1,20,2000,0.007759978735384379,0.1314387892033413,0.0590387265617562,19.18
2,1,21,2000,0.00848381515625779,0.13397449646373383,0.0633241055588092,19.06
2,1,22,2000,0.007946104103449259,0.1322802356991968,0.06007022939933805,18.67
2,1,23,2000,0.008312078758310373,0.13266838267873515,0.06265304958483285,18.69
2,1,25,2000,0.008170084427630592,0.13238709041267555,0.06171360366152694,18.71
2,1,24,2000,0.008239340978710333,0.13170390262263657,0.06255958111065267,18.8
2,1,27,2000,0.00820093164471461,0.133559404692688,0.06140287659700528,19.5
2,1,26,2000,0.008424420560613155,0.13400518963072533,0.0628663754279078,19.63
2,1,28,2000,0.008012304550500157,0.13161359546908563,0.06087748398593173,19.67
2,1,29,2000,0.008432005880194715,0.13401792394856765,0.0629170011873239,19.79
2,1,31,2000,0.008137134125619172,0.13246776175630076,0.0614272787411397,19.25
2,1,32,2000,0.007974190916467588,0.13338815206128235,0.05978185313493222,19.16
2,1,30,2000,0.008420728232302666,0.13412462548626927,0.06278286483017781,19.36
2,1,33,2000,0.007805055421971421,0.13201877010111598,0.05912080089818564,19.34
2,1,34,2000,0.008051528749699,0.13340291782246522,0.06035496735096983,19.7
2,1,35,2000,0.008376406919050797,0.13255380276204917,0.06319250556762604,19.73
2,1,36,2000,0.007856119211447105,0.13234399369458294,0.0593613581707159,19.88
2,1,37,2000,0.008241727693310996,0.13419333776886827,0.06141681718586038,19.64
2,1,38,2000,0.008160257430995826,0.13340166251607427,0.06117058271303443,19.56
2,1,40,2000,0.00804896589890998,0.1323145606975719,0.06083204944697886,18.93
2,1,41,2000,0.008291666834690986,0.13202154102943164,0.06280540864799117,18.95
2,1,42,2000,0.008144405975007124,0.13369861973676048,0.06091615598607274,18.96
2,1,39,2000,0.007746311203862211,0.13283664222195052,0.05831456648022812,19.08
2,1,43,2000,0.008322654933134235,0.13326844089419024,0.062450306143688496,19.13
2,1,44,2000,0.007958578594342958,0.13250530818313588,0.0600623379053116,19.19
2,1,46,2000,0.008156736062636477,0.13181478561299287,0.06188028167480837,19.17
2,1,45,2000,0.008325777675803614,0.13289676883962034,0.06264845826199998,19.34
2,1,47,2000,0.008230351878585673,0.13330706124746597,0.0617398043402005,18.96
2,1,49,2000,0.00829573741778386,0.1347749372274774,0.061552522957455,19.12
2,1,48,2000,0.00826967339505616,0.13349325540545423,0.061948248770613765,19.27
2,4,0,2000,0.009874015306848158,0.12981827523207287,0.07606028726846531,19.34
2,4,1,2000,0.009930073305424517,0.1299187946895406,0.07643292357471324,19.56
2,4,3,2000,0.010017933449874838,0.1302045767851643,0.0769399486348647,19.43
2,4,2,2000,0.01008744012461163,0.13060674335177286,0.07723521669507045,19.54
2,4,4,2000,0.010217615098991814,0.13165383711930304,0.07760970225070418,19.61
2,4,5,2000,0.009810402012066552,0.1304597787710988,0.07519867122632193,19.55
2,4,9,2000,0.0098907165301053,0.13117922937517745,0.07539849545706268,18.83
2,4,6,2000,0.009672590750417459,0.13028523208817336,0.0742416511479315,18.99
2,4,7,2000,0.009847561796200763,0.1306938428395599,0.07534832232525028,19.09
2,4,8,2000,0.010236384779560417,0.13137569860316642,0.0779168818007998,19.09
2,4,10,2000,0.009744365446651027,0.12961147277466467,0.07518134959851927,19.35
2,4,11,2000,0.01011018347216823,0.13204059157484196,0.0765687532264476,19.29
2,4,13,2000,0.009527585025943697,0.13028519141045777,0.0731286873266161,19.24
2,4,12,2000,0.009835415811564746,0.13019754316908852,0.07554225350313576,19.69
2,4,14,2000,0.01004277693608338,0.13265343689535358,0.07570687327163513,19.41
2,4,16,2000,0.009629477223115801,0.13029451231974895,0.07390547039682381,19.5
2,4,15,2000,0.01009414455167186,0.13073324116535454,0.07721176696678501,19.73
2,4,17,2000,0.009485483642572873,0.12984338394978154,0.07305326890002725,19.32
2,4,18,2000,0.01047266983090557,0.13122630996670057,0.07980617479500163,19.38
2,4,19,2000,0.010014915415069284,0.13059114839887792,0.07668908297275787,19.59
2,4,20,2000,0.010164117959922864,0.13063151920805355,0.07780754615380939,19.44
2,4,21,2000,0.009524289921265638,0.13014401849010931,0.07318269430868592,19.6
2,4,22,2000,0.009730475777705125,0.12872156086412156,0.07559320841344219,19.88
2,4,23,2000,0.009806231351854405,0.13072143209715503,0.07501624786795634,19.11
2,4,26,2000,0.009867930886183693,0.12994377280312538,0.07594000599885885,19.15
2,4,25,2000,0.009632403835091313,0.13077779202794712,0.07365473667756124,19.18
2,4,24,2000,0.010125679549197256,0.13156487343753565,0.07696339672309817,19.46
2,4,29,2000,0.009736179804765363,0.1297536834400395,0.07503586446749737,19.37
2,4,27,2000,0.009869024587229713,0.13065557604860673,0.07553466056097155,19.45
2,4,28,2000,0.009627593261292186,0.1300615787442901,0.07402334612761151,19.46
2,4,30,2000,0.00998634056311097,0.13061465116199172,0.07645651138114398,19.34
2,4,31,2000,0.009898212195642131,0.13026466632861106,0.07598539553828426,19.61
2,4,32,2000,0.00988217198987669,0.13046512870644886,0.07574569609410285,19.65
2,4,33,2000,0.009583494462197403,0.129749129239563,0.07386172468643598,19.67
2,4,34,2000,0.009964367477810265,0.13107506628372215,0.07602031233187874,19.82
2,4,35,2000,0.009832091847331734,0.1299935729857346,0.07563521504567537,19.56
2,4,37,2000,0.009816460607404168,0.1300773712321509,0.07546632065530132,19.49
2,4,36,2000,0.009644583082596123,0.13043086028592257,0.07394402721452466,19.79
2,4,38,2000,0.009514110517760854,0.1291153385346035,0.07368691145251523,19.52
2,4,39,2000,0.010158584091214756,0.13036364560278677,0.07792497704588278,19.53
2,4,41,2000,0.009731984546168679,0.1302951709579279,0.07469182836646433,19.04
2,4,42,2000,0.009713699433991752,0.12984413004234996,0.07481046259714268,19.14
2,4,43,2000,0.009847236821670186,0.1305106259993293,0.0754516097541421,19.27
2,4,40,2000,0.010475861703591952,0.1322182503289064,0.07923158624117453,19.27
2,4,44,2000,0.009881515808583374,0.13060674567547653,0.07565854089295163,19.15
2,4,45,2000,0.009921832521504872,0.1307097495857989,0.07590736385729287,19.21
2,4,47,2000,0.009602012044374858,0.1303639441085353,0.07365542758034878,19.27
2,4,46,2000,0.009798670898865922,0.13035362068187858,0.07516991739553658,19.45
2,4,48,2000,0.009703367274543573,0.13012659293378584,0.07456867236569449,19.57
2,4,49,2000,0.009799723051400672,0.13134986057959908,0.07460779180242799,19.51
2,8,0,2000,0.007473216350774525,0.14109902921074377,0.052964335705050256,19.73
2,8,1,2000,0.007169466953944881,0.14348874714998353,0.04996536032509156,20.03
2,8,2,2000,0.007170339167356571,0.14071396948318368,0.05095683956391748,19.79
2,8,3,2000,0.0074284769974117815,0.14265000179259896,0.052074846856379,19.92
2,8,4,2000,0.007576642162642311,0.1425142401583911,0.05316410594633624,19.8
2,8,5,2000,0.007235797054887638,0.14021910692507633,0.05160350264357312,19.73
2,8,6,2000,0.007543422485582346,0.14118527948526594,0.05342924214963626,19.71
2,8,9,2000,0.007125691138974682,0.14207402270820307,0.05015477849606393,19.23
2,8,10,2000,0.006851701207079952,0.1413462889010334,0.048474574467797425,19.38
2,8,7,2000,0.007434623069099977,0.14129437590099758,0.05261796884477046,19.39
2,8,8,2000,0.007315671165891269,0.1412266299464102,0.05180093278914374,19.53
2,8,12,2000,0.007907426640562903,0.14407976426894806,0.054882284689211594,19.44
2,8,11,2000,0.007474913785962406,0.14217064577157196,0.05257705446434055,19.71
2,8,14,2000,0.007560525025432613,0.14212672351239095,0.053195661157793936,19.48
2,8,13,2000,0.007452418734259114,0.14358253714115082,0.05190337824252896,19.67
2,8,15,2000,0.007007139914665089,0.14491700794421092,0.04835277800769007,19.49
2,8,16,2000,0.007466574931945358,0.14223984051086716,0.052492852249612226,19.42
2,8,18,2000,0.007448146786448395,0.1449963190221068,0.051367833588332794,19.47
2,8,17,2000,0.007298897281450417,0.14202293822152062,0.0513923833209671,20.38
2,8,19,2000,0.007521579884874785,0.14391645457042712,0.0522635157135143,19.62
2,8,20,2000,0.0074417422053848215,0.142693722547991,0.05215185414258151,19.76
2,8,21,2000,0.007349235164365309,0.14294357940442348,0.051413538089545574,19.76
2,8,22,2000,0.007162969509807465,0.14011493626480423,0.05112209804863428,19.99
2,8,23,2000,0.007379142194472582,0.14427195939569282,0.05114744559775407,20.01
2,8,27,2000,0.00734732703998639,0.14252773942561459,0.05155015486526375,19.84
2,8,26,2000,0.007376659028226595,0.14273364594183996,0.05168129055732509,19.93
2,8,25,2000,0.0071700245566790055,0.14177202831714414,0.05057432444035896,19.97
2,8,24,2000,0.007459322147731845,0.14279440857878786,0.05223819491234567,20.15
2,8,28,2000,0.007996520822185604,0.1446906376628926,0.055266332026376805,19.5
2,8,29,2000,0.007412554512302938,0.14116061474525454,0.052511492144462546,19.63
2,8,30,2000,0.00727121108240375,0.14302718293544747,0.05083796613462959,19.79
2,8,31,2000,0.007503437461199469,0.1441203065768095,0.0520637073249666,19.77
2,8,32,2000,0.007163143921583431,0.14279608732117283,0.05016344674397342,19.74
2,8,33,2000,0.008254176752534176,0.14386764587537892,0.05737340527337266,19.63
2,8,34,2000,0.007423208400517578,0.1431029069185107,0.05187321879313528,19.68
2,8,35,2000,0.0071980623335453076,0.14318925537166177,0.050269570261134676,19.87
2,8,37,2000,0.00697358195528075,0.14160527431955752,0.049246625796886774,19.92
2,8,36,2000,0.007209210719602066,0.14215704382959898,0.050713003910264294,20.25
2,8,38,2000,0.00748599759434837,0.14309957531557274,0.052313206226082425,20.04
2,8,39,2000,0.007378881473809745,0.14058443074266214,0.052487188195943876,19.75
2,8,40,2000,0.007435287528064161,0.14415433637892625,0.05157866016960914,19.56
2,8,43,2000,0.007185726283201355,0.14398693231072582,0.04990540577456332,19.11
2,8,41,2000,0.007190064751666003,0.14250309936938613,0.05045549734345386,19.22
2,8,42,2000,0.007203124444585762,0.14168151678818647,0.05084025501614594,19.26
2,8,44,2000,0.00717298702806618,0.14228654054807782,0.05041226668690049,19.34
2,8,47,2000,0.007543528269368993,0.14543164910843948,0.05186992181972884,26.14
2,8,45,2000,0.007182309710323603,0.14241214694674567,0.050433266152566276,26.37
2,8,48,2000,0.0073348519314831995,0.1437335921076522,0.05103088167440783,26.24
2,8,46,2000,0.00694519624235973,0.14212172059379646,0.048867943712911144,26.43
2,8,49,2000,0.007547713488607194,0.1430675976615377,0.05275627473988348,19.83
2,16,0,2000,0.004503234743386347,0.18515956956255517,0.02432083177783017,20.08
2,16,1,2000,0.004527856376801781,0.18978132577164894,0.02385828193786487,20.03
2,16,2,2000,0.00458777651689371,0.18886287965250517,0.024291573470312994,20.39
2,16,3,2000,0.004537734014945893,0.18643857419913315,0.024339029808816203,20.06
2,16,5,2000,0.004479380016476853,0.18511277686555333,0.024198113670620417,19.99
2,16,4,2000,0.00446443199579688,0.18689393413667427,0.02388751682294874,20.07
2,16,6,2000,0.004316391100161077,0.18367220659129183,0.02350051311664115,20.03
2,16,7,2000,0.0044672383175497765,0.18290184352722763,0.024424238878077587,20.09
2,16,9,2000,0.0045526544679328484,0.18549625238545345,0.024543107525820108,19.54
2,16,8,2000,0.004663952713754832,0.18590291101514997,0.025088110176901685,19.56
2,16,11,2000,0.004602356293802429,0.18931364613104637,0.024310747734564223,19.61
2,16,10,2000,0.004562549720411591,0.18571062175834321,0.0245680601207002,19.82
2,16,13,2000,0.004461559998043374,0.18315812089177985,0.024359061865891905,19.49
2,16,12,2000,0.004445705490184471,0.18827382287100583,0.023612977217923742,19.75
2,16,14,2000,0.004259965459346066,0.18626919876717268,0.022869940320464965,19.69
2,16,15,2000,0.004437489962900498,0.1861703457458313,0.023835643346544422,19.55
2,16,16,2000,0.004555369532193959,0.1876609310456664,0.02427446942105084,19.86
2,16,17,2000,0.0044803763183378364,0.18264232002598701,0.024530877168557386,19.8
2,16,18,2000,0.004404996813431483,0.18774868820940907,0.023462197554841427,20.01
2,16,19,2000,0.004585355921978312,0.18533975048051457,0.024740272446090228,20.15
2,16,21,2000,0.00457179426053142,0.18756293867815543,0.024374720788397815,19.98
2,16,20,2000,0.004631636846257919,0.18373013804343155,0.025208911807180254,20.27
2,16,22,2000,0.004455132087493596,0.18267030450969804,0.024388923527836302,20.09
2,16,23,2000,0.004692947643687939,0.1831500883466561,0.025623507397962014,20.18
2,16,25,2000,0.004565081039271918,0.18616033739290402,0.024522307507624484,19.88
2,16,26,2000,0.004588652086911671,0.18592650966981678,0.024679923777736524,19.47
2,16,27,2000,0.00447512411049103,0.18495240200699062,0.024196085381588527,19.5
2,16,24,2000,0.004566481745302997,0.1876849846884165,0.024330565137557488,19.55
2,16,28,2000,0.004579157971419168,0.19081418962049618,0.023997995015603915,19.74
2,16,31,2000,0.004674891799965775,0.19145834686446836,0.02441727862235794,20.18
2,16,30,2000,0.004636178433404303,0.18703413642197564,0.024787873070103227,20.34
2,16,29,2000,0.004679922737811704,0.18474367355072854,0.025331978345264686,20.47
2,16,32,2000,0.004641255412729084,0.18166944481361144,0.025547804241329092,20.39
2,16,33,2000,0.004613211731742034,0.1868581366937429,0.02468831067979129,19.97
2,16,34,2000,0.004527626391634232,0.18390975329262021,0.02461873995573411,20.04
2,16,35,2000,0.004397716639665927,0.18438906737969166,0.023850202737943266,20.03
2,16,36,2000,0.0045146859716778676,0.1878988638709094,0.024027212717898896,19.91
2,16,37,2000,0.004590081295542892,0.1818360635416806,0.02524296449307345,19.86
2,16,38,2000,0.004591741044562947,0.18854557242553385,0.024353481153085454,19.89
2,16,40,2000,0.004339080997993905,0.1833105027102285,0.023670662257977593,20.11
2,16,39,2000,0.004573362123380553,0.18411766615282596,0.02483934442002136,20.42
2,16,41,2000,0.004705869890137854,0.18801044826301752,0.025029831765278118,20.12
2,16,44,2000,0.004531234983408017,0.18662082737214156,0.024280435614896602,19.44
2,16,45,2000,0.004426786406556221,0.18872581446641948,0.023456178578812766,19.52
2,16,43,2000,0.004379669121937296,0.18344496185152923,0.023874567487342454,19.67
2,16,42,2000,0.004185867070642474,0.18590793903558017,0.0225158059002599,19.75
2,16,47,2000,0.0045492418095449405,0.19327433459256865,0.023537744000697015,19.79
2,16,46,2000,0.004188862403577048,0.1852929215288466,0.022606704935163546,19.96
2,16,48,2000,0.004339235612507264,0.18227842299068214,0.023805536285164595,20.07
2,16,49,2000,0.004600358672228105,0.1858753714268798,0.024749694577142017,20.0
