survey_ref_id,decision,title_score,our_title,our_year,our_first_author,doi,scopus_title,scopus_year,scopus_source,scopus_eid,year_delta,surname_match,export_file,why
SF0002,none,1.0,Combinatorial optimization for panoptic segmentation: A fully differentiable approach,2021,Abbas,,Combinatorial Optimization for Panoptic Segmentation: A Fully Differentiable Approach,2021,Advances in Neural Information Processing Systems,2-s2.0-85128568468,0,yes,scopus_doi_lookup_2026-09-22_1.csv,matched a Scopus record that carries no DOI
SF0005,none,1.0,Differentiable convex optimization layers,2019,Agrawal,,Differentiable convex optimization layers,2019,Advances in Neural Information Processing Systems,2-s2.0-85083397486,0,yes,scopus_doi_lookup_2026-09-22_1.csv,matched a Scopus record that carries no DOI
SF0006,accepted,1.0,Differentiating through a cone program,2019,Agrawal,10.23952/jano.1.2019.2.02,Differentiating through a cone program,2019,Journal of Applied and Numerical Optimization,2-s2.0-85077733341,0,yes,scopus_doi_lookup_2026-09-22_1.csv,title and surname agree
SF0007,accepted,1.0,Pricing for heterogeneous products: Analytics for ticket reselling,2023,Alley,10.1287/msom.2021.1065,Pricing for Heterogeneous Products: Analytics for Ticket Reselling,2023,Manufacturing and Service Operations Management,2-s2.0-85146215888,0,yes,scopus_doi_lookup_2026-09-22_1.csv,title and surname agree
SF0008,none,1.0,OptNet: Differentiable optimization as a layer in neural networks,2017,Amos,,OptNet: Differentiable optimization as a layer in neural networks,2017,"34th International Conference on Machine Learning, ICML 2017",2-s2.0-85046994372,0,yes,scopus_doi_lookup_2026-09-22_1.csv,matched a Scopus record that carries no DOI
SF0009,none,0.417,The limited multi-label projection layer,2019,Amos,,,,,,,,,no Scopus record scored above the manual-review threshold
SF0015,accepted,1.0,Dynamic procurement of new products with covariate information: The residual tree method,2019,Ban,10.1287/msom.2018.0725,Dynamic procurement of new products with covariate information: The residual tree method,2019,Manufacturing and Service Operations Management,2-s2.0-85068937953,0,yes,scopus_doi_lookup_2026-09-22_1.csv,title and surname agree
SF0016,accepted,1.0,The Big Data Newsvendor: Practical Insights from Machine Learning,2019,Ban,10.1287/opre.2018.1757,The big Data newsvendor: Practical insights from machine learning,2019,Operations Research,2-s2.0-85062069726,0,yes,scopus_doi_lookup_2026-09-22_1.csv,title and surname agree
SF0021,accepted,1.0,Generalization bounds for regularized portfolio selection with market side information,2020,BazierMatte,10.1080/03155986.2020.1730675,Generalization bounds for regularized portfolio selection with market side information,2020,INFOR,2-s2.0-85095265924,0,yes,scopus_doi_lookup_2026-09-22_1.csv,title and surname agree
SF0022,none,1.0,Neural combinatorial optimization with reinforcement learning,2017,Bello,,Neural combinatorial optimization with reinforcement learning,2017,"5th International Conference on Learning Representations, ICLR 2017 - Workshop Track Proceedings",2-s2.0-85140424199,0,yes,scopus_doi_lookup_2026-09-22_1.csv,matched a Scopus record that carries no DOI
SF0024,accepted,1.0,Using a financial training criterion rather than a prediction criterion,1997,Bengio,10.1142/S0129065797000422,Using a financial training criterion rather than a prediction criterion.,1997,International journal of neural systems,2-s2.0-0031197017,0,yes,scopus_doi_lookup_2026-09-22_1.csv,title and surname agree
SF0025,none,0.553,Machine learning for combinatorial optimization: A methodological tour d’horizon,2021,Bengio,,,,,,,,,no Scopus record scored above the manual-review threshold
SF0026,none,1.0,Learning with differentiable perturbed optimizers,2020,Berthet,,Learning with differentiable perturbed optimizers,2020,Advances in Neural Information Processing Systems,2-s2.0-85106052104,0,yes,scopus_doi_lookup_2026-09-22_1.csv,matched a Scopus record that carries no DOI
SF0027,none,0.59,Optimal prescriptive trees,2019,Bertsimas,,,,,,,,,no Scopus record scored above the manual-review threshold
SF0028,accepted,1.0,From predictive to prescriptive analytics,2020,Bertsimas,10.1287/mnsc.2018.3253,From predictive to prescriptive analytics,2020,Management Science,2-s2.0-85081124730,0,yes,scopus_doi_lookup_2026-09-22_1.csv,title and surname agree
SF0029,accepted,1.0,The voice of optimization,2021,Bertsimas,10.1007/s10994-020-05893-5,The voice of optimization,2021,Machine Learning,2-s2.0-85088087673,0,yes,scopus_doi_lookup_2026-09-22_1.csv,title and surname agree
SF0030,accepted,1.0,Bootstrap robust prescriptive analytics,2022,Bertsimas,10.1007/s10107-021-01679-2,Bootstrap robust prescriptive analytics,2022,Mathematical Programming,2-s2.0-85108788438,0,yes,scopus_doi_lookup_2026-09-22_1.csv,title and surname agree
SF0031,accepted,1.0,Data-driven optimization: A reproducing kernel Hilbert space approach,2022,Bertsimas,10.1287/OPRE.2020.2069,Data-Driven Optimization: A Reproducing Kernel Hilbert Space Approach,2022,Operations Research,2-s2.0-85124986855,0,yes,scopus_doi_lookup_2026-09-22_1.csv,title and surname agree
SF0032,accepted,1.0,Dynamic optimization with side information,2023,Bertsimas,10.1016/j.ejor.2022.03.030,Dynamic optimization with side information,2023,European Journal of Operational Research,2-s2.0-85127700596,0,yes,scopus_doi_lookup_2026-09-22_1.csv,title and surname agree
SF0033,none,0.436,Quality vs. Quantity of data in contextual decision-making: Exact analysis under newsvendor loss,2023,Besbes,,,,,,,,,no Scopus record scored above the manual-review threshold
SF0035,none,1.0,Fast differentiable sorting and ranking,2020,Blondel,,Fast Differentiable Sorting and Ranking,2020,Proceedings of Machine Learning Research,2-s2.0-105021321001,0,yes,scopus_doi_lookup_2026-09-22_1.csv,matched a Scopus record that carries no DOI
SF0036,none,1.0,Learning with Fenchel-Young losses,2020,Blondel,,Learning with fenchel-young losses,2020,Journal of Machine Learning Research,2-s2.0-85085628445,0,yes,scopus_doi_lookup_2026-09-22_1.csv,matched a Scopus record that carries no DOI
SF0037,none,1.0,Efficient and modular implicit differentiation,2022,Blondel,,Efficient and Modular Implicit Differentiation,2022,Advances in Neural Information Processing Systems,2-s2.0-85150155298,0,yes,scopus_doi_lookup_2026-09-22_1.csv,matched a Scopus record that carries no DOI
SF0039,none,1.0,Nonsmooth implicit differentiation for machine-learning and optimization,2021,Bolte,,Nonsmooth Implicit Differentiation for Machine Learning and Optimization,2021,Advances in Neural Information Processing Systems,2-s2.0-85132049753,0,yes,scopus_doi_lookup_2026-09-22_1.csv,matched a Scopus record that carries no DOI
SF0043,accepted,1.0,Efficient differentiable quadratic programming layers: an ADMM approach,2023,Butler,10.1007/s10589-022-00422-7,Efficient differentiable quadratic programming layers: an ADMM approach,2023,Computational Optimization and Applications,2-s2.0-85141026578,0,yes,scopus_doi_lookup_2026-09-22_1.csv,title and surname agree
SF0044,accepted,1.0,Integrating prediction in mean-variance portfolio optimization,2023,Butler,10.1080/14697688.2022.2162432,Integrating prediction in mean-variance portfolio optimization,2023,Quantitative Finance,2-s2.0-85146740936,0,yes,scopus_doi_lookup_2026-09-22_2.csv,title and surname agree
SF0045,none,0.593,A meta analysis of data-driven newsvendor approaches,2022,Buttler,,,,,,,,,no Scopus record scored above the manual-review threshold
SF0046,accepted,1.0,The perils of learning before optimizing,2022,Cameron,10.1609/aaai.v36i4.20284,The Perils of Learning Before Optimizing,2022,"Proceedings of the 36th AAAI Conference on Artificial Intelligence, AAAI 2022",2-s2.0-85134141522,0,yes,scopus_doi_lookup_2026-09-22_2.csv,title and surname agree
SF0051,none,1.0,Selecting optimal decisions via distributionally robust nearest-neighbor regression,2019,Chen,,Selecting optimal decisions via distributionally robust nearest-neighbor regression,2019,Advances in Neural Information Processing Systems,2-s2.0-85086172194,0,yes,scopus_doi_lookup_2026-09-22_2.csv,matched a Scopus record that carries no DOI
SF0052,accepted,1.0,Enforcing policy feasibility constraints through differentiable projection for energy optimization,2021,Chen,10.1145/3447555.3464874,Enforcing Policy Feasibility Constraints through Differentiable Projection for Energy Optimization,2021,e-Energy 2021 - Proceedings of the 2021 12th ACM International Conference on Future Energy Systems,2-s2.0-85109320373,0,yes,scopus_doi_lookup_2026-09-22_2.csv,title and surname agree
SF0053,accepted,1.0,End-to-end feasible optimization proxies for large-scale economic dispatch,2023,Chen,10.1109/TPWRS.2023.3317352,End-to-End Feasible Optimization Proxies for Large-Scale Economic Dispatch,2024,IEEE Transactions on Power Systems,2-s2.0-85174878630,1,yes,scopus_doi_lookup_2026-09-22_2.csv,title and surname agree
SF0054,none,1.0,End-to-end Conditional Robust Optimization,2024,Chenreddy,,End-to-end Conditional Robust Optimization,2024,Proceedings of Machine Learning Research,2-s2.0-85212180362,0,yes,scopus_doi_lookup_2026-09-22_2.csv,matched a Scopus record that carries no DOI
SF0055,none,1.0,Data-driven conditional robust optimization,2022,Chenreddy,,Data-Driven Conditional Robust Optimization,2022,Advances in Neural Information Processing Systems,2-s2.0-85162641999,0,yes,scopus_doi_lookup_2026-09-22_2.csv,matched a Scopus record that carries no DOI
SF0056,accepted,1.0,Data-driven optimization for last-mile delivery,2023,Chu,10.1007/s40747-021-00293-1,Data-driven optimization for last-mile delivery,2023,Complex and Intelligent Systems,2-s2.0-85112450117,0,yes,scopus_doi_lookup_2026-09-22_2.csv,title and surname agree
SF0057,none,0.575,Decision-aware learning for optimizing health supply chains,2022,Chung,,,,,,,,,no Scopus record scored above the manual-review threshold
SF0060,review,1.0,Dynamic pricing with fairness constraints,2021,Cohen,10.1287/opre.2023.0123,Dynamic Pricing with Fairness Constraints,2025,Operations Research,2-s2.0-105024755456,4,yes,scopus_doi_lookup_2026-09-22_2.csv,"title matches but is short enough that two papers could share it, and the year moved 4"
SF0061,accepted,1.0,Price discrimination with fairness constraints,2022,Cohen,10.1287/mnsc.2022.4317,Price Discrimination with Fairness Constraints,2022,Management Science,2-s2.0-85144557910,0,yes,scopus_doi_lookup_2026-09-22_2.csv,title and surname agree
SF0063,accepted,1.0,Distributionally robust end-to-end portfolio construction,2023,Costa,10.1080/14697688.2023.2236148,Distributionally robust end-to-end portfolio construction,2023,Quantitative Finance,2-s2.0-85171160499,0,yes,scopus_doi_lookup_2026-09-22_2.csv,title and surname agree
SF0066,none,0.59,Learning with combinatorial optimization layers: a probabilistic approach,2022,Dalle,,,,,,,,,no Scopus record scored above the manual-review threshold
SF0069,accepted,1.0,An investigation into prediction+ optimisation for the knapsack problem,2019,Demirovic,10.1007/978-3-030-19212-9_16,An Investigation into Prediction + Optimisation for the Knapsack Problem,2019,Lecture Notes in Computer Science (including subseries Lecture Notes in Artificial Intelligence and Lecture Notes in Bioinformatics),2-s2.0-85066871016,0,yes,scopus_doi_lookup_2026-09-22_2.csv,title and surname agree
SF0070,accepted,1.0,Predict+ optimise with ranking objectives: Exhaustively learning linear functions,2019,Demirovi,10.24963/ijcai.2019/151,Predict+optimise with ranking objectives: Exhaustively learning linear functions,2019,IJCAI International Joint Conference on Artificial Intelligence,2-s2.0-85074915965,0,yes,scopus_doi_lookup_2026-09-22_2.csv,title and surname agree
SF0071,none,1.0,Dynamic programming for predict+optimise,2020,Demirovi,,Dynamic programming for predict+optimise,2020,AAAI 2020 - 34th AAAI Conference on Artificial Intelligence,2-s2.0-85099666193,0,yes,scopus_doi_lookup_2026-09-22_2.csv,matched a Scopus record that carries no DOI
SF0072,none,0.516,Bridging the gap between predictive and prescriptive analytics-new optimization methodology needed,2016,den,,,,,,,,,no Scopus record scored above the manual-review threshold
SF0073,accepted,1.0,Predictive stochastic programming,2022,Deng,10.1007/s10287-021-00400-0,Predictive stochastic programming,2022,Computational Management Science,2-s2.0-85111482583,0,yes,scopus_doi_lookup_2026-09-22_2.csv,title and surname agree
SF0075,none,1.0,End-to-end learning for fair multiobjective optimization under uncertainty,2024,Dinh,,End-to-End Learning for Fair Multiobjective Optimization Under Uncertainty,2024,Proceedings of Machine Learning Research,2-s2.0-85212205967,0,yes,scopus_doi_lookup_2026-09-22_2.csv,matched a Scopus record that carries no DOI
SF0076,accepted,1.0,Learning fair ranking policies via differentiable optimization of ordered weighted averages,2024,Dinh,10.1145/3630106.3661932,Learning Fair Ranking Policies via Differentiable Optimization of Ordered Weighted Averages,2024,"2024 ACM Conference on Fairness, Accountability, and Transparency, FAccT 2024",2-s2.0-85196626784,0,yes,scopus_doi_lookup_2026-09-22_2.csv,title and surname agree
SF0077,none,1.0,Differentiable learning of submodular models,2017,Djolonga,,Differentiable learning of submodular models,2017,Advances in Neural Information Processing Systems,2-s2.0-85047008189,0,yes,scopus_doi_lookup_2026-09-22_2.csv,matched a Scopus record that carries no DOI
SF0078,accepted,1.0,Optimizing generalized gini indices for fairness in rankings,2022,Do,10.1145/3477495.3532035,Optimizing Generalized Gini Indices for Fairness in Rankings,2022,SIGIR 2022 - Proceedings of the 45th International ACM SIGIR Conference on Research and Development in Information Retrieval,2-s2.0-85133015608,0,yes,scopus_doi_lookup_2026-09-22_2.csv,title and surname agree
SF0079,none,1.0,Implicit differentiation by perturbation,2010,Domke,,Implicit differentiation by perturbation,2010,"Advances in Neural Information Processing Systems 23: 24th Annual Conference on Neural Information Processing Systems 2010, NIPS 2010",2-s2.0-85162050413,0,yes,scopus_doi_lookup_2026-09-22_2.csv,matched a Scopus record that carries no DOI
SF0080,none,1.0,Generic methods for optimization-based modeling,2012,Domke,,Generic methods for optimization-based modeling,2012,Journal of Machine Learning Research,2-s2.0-84869036002,0,yes,scopus_doi_lookup_2026-09-22_2.csv,matched a Scopus record that carries no DOI
SF0082,none,1.0,Task-based end-to-end model learning in stochastic optimization,2017,Donti,,Task-based end-to-end model learning in stochastic optimization,2017,Advances in Neural Information Processing Systems,2-s2.0-85047004627,0,yes,scopus_doi_lookup_2026-09-22_3.csv,matched a Scopus record that carries no DOI
SF0083,none,1.0,Enforcing robust control guarantees within neural network policies,2021,Donti,,ENFORCING ROBUST CONTROL GUARANTEES WITHIN NEURAL NETWORK POLICIES,2021,ICLR 2021 - 9th International Conference on Learning Representations,2-s2.0-85150233339,0,yes,scopus_doi_lookup_2026-09-22_3.csv,matched a Scopus record that carries no DOI
SF0085,none,0.378,"Deep implicit layers tutorial - neural ODEs, deep equilibrium models, and beyond",2020,Duvenaud,,,,,,,,,no Scopus record scored above the manual-review threshold
SF0086,accepted,1.0,Generalization bounds in the predict-then-optimize framework,2019,El,10.1287/moor.2022.1330,Generalization Bounds in the Predict-Then-Optimize Framework,2023,Mathematics of Operations Research,2-s2.0-85177491716,4,yes,scopus_doi_lookup_2026-09-22_3.csv,"title and surname agree; the year moved 4 (2019 -> 2023), which is a preprint reaching publication -- the version we want"
SF0087,none,1.0,Decision trees for decision-making under the predict-then-optimize framework,2020,Elmachtoub,,Decision trees for decision-making under the predict-then-optimize framework,2020,"37th International Conference on Machine Learning, ICML 2020",2-s2.0-85105194778,0,yes,scopus_doi_lookup_2026-09-22_3.csv,matched a Scopus record that carries no DOI
SF0089,accepted,1.0,"Smart ‘‘Predict, then Optimize’’",2022,Elmachtoub,10.1287/mnsc.2020.3922,"Smart ""Predict, then Optimize""",2022,Management Science,2-s2.0-85124246843,0,yes,scopus_doi_lookup_2026-09-22_3.csv,title and surname agree
SF0090,none,0.539,Estimate-then-optimize versus integrated-estimation-optimization: A stochastic dominance perspective,2023,Elmachtoub,,,,,,,,,no Scopus record scored above the manual-review threshold
SF0091,accepted,1.0,Distributionally robust stochastic programs with side information based on trimmings,2022,EstebanPrez,10.1007/s10107-021-01724-0,Distributionally robust stochastic programs with side information based on trimmings,2022,Mathematical Programming,2-s2.0-85119671724,0,yes,scopus_doi_lookup_2026-09-22_3.csv,title and surname agree
SF0092,accepted,1.0,Distributionally robust optimal power flow with contextual information,2023,EstebanPrez,10.1016/j.ejor.2022.10.024,Distributionally robust optimal power flow with contextual information,2023,European Journal of Operational Research,2-s2.0-85143494590,0,yes,scopus_doi_lookup_2026-09-22_3.csv,title and surname agree
SF0093,none,0.622,Smart predict-then-optimize for two-stage linear programs with side information,2023,Estes,,,,,,,,,no Scopus record scored above the manual-review threshold
SF0094,accepted,1.0,Optimization with constraint learning: a framework and survey,2023,Fajemisin,10.1016/j.ejor.2023.04.041,Optimization with constraint learning: A framework and survey,2024,European Journal of Operational Research,2-s2.0-85160112191,1,yes,scopus_doi_lookup_2026-09-22_3.csv,title and surname agree
SF0097,none,1.0,MIPaaL: Mixed integer program as a layer,2020,Ferber,,MIPaaL: Mixed integer program as a layer,2020,AAAI 2020 - 34th AAAI Conference on Artificial Intelligence,2-s2.0-85092198369,0,yes,scopus_doi_lookup_2026-09-22_3.csv,matched a Scopus record that carries no DOI
SF0099,none,1.0,Surco: Learning linear surrogates for combinatorial nonlinear optimization problems,2023,Ferber,,SurCo: Learning Linear SURrogates for COmbinatorial Nonlinear Optimization Problems,2023,Proceedings of Machine Learning Research,2-s2.0-85174423669,0,yes,scopus_doi_lookup_2026-09-22_3.csv,matched a Scopus record that carries no DOI
SF0100,accepted,1.0,Analytics for an online retailer: Demand forecasting and price optimization,2016,Ferreira,10.1287/msom.2015.0561,Analytics for an online retailer: Demand forecasting and price optimization,2016,Manufacturing and Service Operations Management,2-s2.0-84956862111,0,yes,scopus_doi_lookup_2026-09-22_3.csv,title and surname agree
SF0109,none,0.488,On differentiating parameterized argmin and argmax problems with application to bilevel optimization,2016,Gould,,,,,,,,,no Scopus record scored above the manual-review threshold
SF0112,none,0.5,Generalized inner loop meta-learning,2019,Grefenstette,,,,,,,,,no Scopus record scored above the manual-review threshold
SF0115,accepted,1.0,A divide and conquer algorithm for predict+optimize with non-convex problems,2022,Guler,10.1609/aaai.v36i4.20289,A Divide and Conquer Algorithm for Predict+Optimize with Non-convex Problems,2022,"Proceedings of the 36th AAAI Conference on Artificial Intelligence, AAAI 2022",2-s2.0-85138255661,0,yes,scopus_doi_lookup_2026-09-22_3.csv,title and surname agree
SF0117,accepted,1.0,"Debiasing in-sample policy performance for small-data, large-scale optimization",2022,Gupta,10.1287/opre.2022.2377,"Debiasing In-Sample Policy Performance for Small-Data, Large-Scale Optimization",2024,Operations Research,2-s2.0-85188612605,2,yes,scopus_doi_lookup_2026-09-22_3.csv,"title and surname agree; the year moved 2 (2022 -> 2024), which is a preprint reaching publication -- the version we want"
SF0122,none,1.0,Nonparametric density estimation for stochastic optimization with an observable state variable,2010,Hannah,,Nonparametric density estimation for stochastic optimization with an observable state variable,2010,"Advances in Neural Information Processing Systems 23: 24th Annual Conference on Neural Information Processing Systems 2010, NIPS 2010",2-s2.0-85162047754,0,yes,scopus_doi_lookup_2026-09-22_3.csv,matched a Scopus record that carries no DOI
SF0126,accepted,1.0,Risk guarantees for end-to-end prediction and optimization processes,2022,HoNguyen,10.1287/mnsc.2022.4321,Risk Guarantees for End-to-End Prediction and Optimization Processes,2022,Management Science,2-s2.0-85137616849,0,yes,scopus_doi_lookup_2026-09-22_3.csv,title and surname agree
SF0129,none,1.0,Branch & learn for recursively and iteratively solvable problems in predict+optimize,2022,Hu,,Branch & Learn for Recursively and Iteratively Solvable Problems in Predict+Optimize,2022,Advances in Neural Information Processing Systems,2-s2.0-85150597726,0,yes,scopus_doi_lookup_2026-09-22_3.csv,matched a Scopus record that carries no DOI
SF0130,accepted,1.0,Fast rates for contextual linear optimization,2022,Hu,10.1287/mnsc.2022.4383,Fast Rates for Contextual Linear Optimization,2022,Management Science,2-s2.0-85132937300,0,yes,scopus_doi_lookup_2026-09-22_3.csv,title and surname agree
SF0135,accepted,1.0,A data-driven newsvendor problem: From data to decision,2019,Huber,10.1016/j.ejor.2019.04.043,A data-driven newsvendor problem: From data to decision,2019,European Journal of Operational Research,2-s2.0-85065771489,0,yes,scopus_doi_lookup_2026-09-22_3.csv,title and surname agree
SF0136,accepted,1.0,Properties of energy-price forecasts for scheduling,2012,Ifrim,10.1007/978-3-642-33558-7_68,Properties of energy-price forecasts for scheduling,2012,Lecture Notes in Computer Science (including subseries Lecture Notes in Artificial Intelligence and Lecture Notes in Bioinformatics),2-s2.0-84868273016,0,yes,scopus_doi_lookup_2026-09-22_3.csv,title and surname agree
SF0138,none,1.0,Unbiased objective estimation in predictive optimization,2018,Ito,,Unbiased objective estimation in predictive optimization,2018,"35th International Conference on Machine Learning, ICML 2018",2-s2.0-85057265207,0,yes,scopus_doi_lookup_2026-09-22_3.csv,matched a Scopus record that carries no DOI
SF0139,none,0.5,Optimizer’s information criterion: Dissecting and correcting bias in data-driven optimization,2023,Iyengar,,,,,,,,,no Scopus record scored above the manual-review threshold
SF0140,none,1.0,An exact symbolic reduction of linear smart predict+optimize to mixed integer linear programming,2022,Jeong,,An Exact Symbolic Reduction of Linear Smart Predict+Optimize to Mixed Integer Linear Programming,2022,Proceedings of Machine Learning Research,2-s2.0-85163088198,0,yes,scopus_doi_lookup_2026-09-22_4.csv,matched a Scopus record that carries no DOI
SF0142,none,1.0,Modeling robustness in decision-focused learning as a stackelberg game,2023,JohnsonYu,,Modeling Robustness in Decision-Focused Learning as a Stackelberg Game,2023,"Proceedings of the International Joint Conference on Autonomous Agents and Multiagent Systems, AAMAS",2-s2.0-85166361341,0,yes,scopus_doi_lookup_2026-09-22_4.csv,matched a Scopus record that carries no DOI
SF0146,accepted,1.0,Residuals-based distributionally robust optimization with covariate information,2020,Kannan,10.1007/s10107-023-02014-7,Residuals-based distributionally robust optimization with covariate information,2024,Mathematical Programming,2-s2.0-85172278862,4,yes,scopus_doi_lookup_2026-09-22_4.csv,"title and surname agree; the year moved 4 (2020 -> 2024), which is a preprint reaching publication -- the version we want"
SF0147,none,0.553,Heteroscedasticity-aware residualsbased contextual stochastic optimization,2021,Kannan,,,,,,,,,no Scopus record scored above the manual-review threshold
SF0150,none,0.46,Interpretable contextual newsvendor models: A tree-based method to solving data-driven newsvendor problems (pp,2022,Keshavarz,,,,,,,,,no Scopus record scored above the manual-review threshold
SF0151,accepted,1.0,Optimal vehicle routing with real-time traffic information,2005,Kim,10.1109/TITS.2005.848362,Optimal vehicle routing with real-time traffic information,2005,IEEE Transactions on Intelligent Transportation Systems,2-s2.0-21644453002,0,yes,scopus_doi_lookup_2026-09-22_4.csv,title and surname agree
SF0154,accepted,1.0,An exploration of poisoning attacks on data-based decision making,2023,Kinsey,10.1007/978-3-031-26369-9_12,An Exploration of Poisoning Attacks on Data-Based Decision Making,2023,Lecture Notes in Computer Science (including subseries Lecture Notes in Artificial Intelligence and Lecture Notes in Bioinformatics),2-s2.0-85151132743,0,yes,scopus_doi_lookup_2026-09-22_4.csv,title and surname agree
SF0156,none,1.0,End-to-end stochastic optimization with energy-based model,2022,Kong,,End-to-End Stochastic Optimization with Energy-Based Model,2022,Advances in Neural Information Processing Systems,2-s2.0-85163210302,0,yes,scopus_doi_lookup_2026-09-22_4.csv,matched a Scopus record that carries no DOI
SF0157,accepted,1.0,End-to-end learning for prediction and optimization with gradient boosting,2021,Konishi,10.1007/978-3-030-67664-3_12,End-to-End Learning for Prediction and Optimization with Gradient Boosting,2021,Lecture Notes in Computer Science,2-s2.0-85103234233,0,yes,scopus_doi_lookup_2026-09-22_4.csv,title and surname agree
SF0158,accepted,1.0,End-to-end constrained optimization learning: A survey,2021,Kotary,10.24963/ijcai.2021/610,End-to-End Constrained Optimization Learning: A Survey,2021,IJCAI International Joint Conference on Artificial Intelligence,2-s2.0-85118028991,0,yes,scopus_doi_lookup_2026-09-22_4.csv,title and surname agree
SF0159,accepted,1.0,End-to-end learning for fair ranking systems,2022,Kotary,10.1145/3485447.3512247,End-to-End Learning for Fair Ranking Systems,2022,WWW 2022 - Proceedings of the ACM Web Conference 2022,2-s2.0-85129848082,0,yes,scopus_doi_lookup_2026-09-22_4.csv,title and surname agree
SF0162,none,0.559,Predictthen-optimize by proxy: Learning joint models of prediction and optimization,2023,Kotary,,,,,,,,,no Scopus record scored above the manual-review threshold
SF0166,none,0.487,A note on task-aware loss via reweighing prediction loss by decision-regret,2022,Lawless,,,,,,,,,no Scopus record scored above the manual-review threshold
SF0168,accepted,1.0,Data-driven newsvendor problems regularized by a profit risk constraint,2022,Lin,10.1111/poms.13635,Data-Driven Newsvendor Problems Regularized by a Profit Risk Constraint,2022,Production and Operations Management,2-s2.0-85121444150,0,yes,scopus_doi_lookup_2026-09-22_4.csv,title and surname agree
SF0170,accepted,1.0,On-time last-mile delivery: Order assignment with travel-time predictors,2021,Liu,10.1287/mnsc.2020.3741,On-time last-mile delivery: Order assignment with travel-time predictors,2021,Management Science,2-s2.0-85111777002,0,yes,scopus_doi_lookup_2026-09-22_4.csv,title and surname agree
SF0171,none,1.0,Risk bounds and calibration for a smart predict-then-optimize method,2021,Liu,,Risk Bounds and Calibration for a Smart Predict-then-Optimize Method,2021,Advances in Neural Information Processing Systems,2-s2.0-85131681253,0,yes,scopus_doi_lookup_2026-09-22_3.csv,matched a Scopus record that carries no DOI
SF0173,accepted,1.0,Coupled learning enabled stochastic programming with endogenous uncertainty,2022,Liu,10.1287/moor.2021.1185,Coupled Learning Enabled Stochastic Programming with Endogenous Uncertainty,2022,Mathematics of Operations Research,2-s2.0-85134229683,0,yes,scopus_doi_lookup_2026-09-22_4.csv,title and surname agree
SF0174,none,0.633,Active learning in the predict-thenoptimize framework: A margin-based approach,2023,Liu,,,,,,,,,no Scopus record scored above the manual-review threshold
SF0176,accepted,1.0,End-to-end learning of user equilibrium with implicit neural networks,2023,Liu,10.1016/j.trc.2023.104085,End-to-end learning of user equilibrium with implicit neural networks,2023,Transportation Research Part C: Emerging Technologies,2-s2.0-85150288603,0,yes,scopus_doi_lookup_2026-09-22_4.csv,title and surname agree
SF0177,none,0.626,Solving data-driven newsvendor pricing problems with decision-dependent effect,2023,Liu,,,,,,,,,no Scopus record scored above the manual-review threshold
SF0179,none,0.605,Decision-driven regularization: A blended model for predict-then-optimize,2022,Loke,,,,,,,,,no Scopus record scored above the manual-review threshold
SF0181,none,1.0,Interior point solving for LP-based prediction+optimisation,2020,Mandi,,Interior point solving for LP-based prediction+optimisation,2020,Advances in Neural Information Processing Systems,2-s2.0-85106998587,0,yes,scopus_doi_lookup_2026-09-22_4.csv,matched a Scopus record that carries no DOI
SF0182,none,1.0,Smart predict-and-optimize for hard combinatorial optimization problems,2020,Mandi,,Smart predict-and-optimize for hard combinatorial optimization problems,2020,AAAI 2020 - 34th AAAI Conference on Artificial Intelligence,2-s2.0-85099652609,0,yes,scopus_doi_lookup_2026-09-22_4.csv,matched a Scopus record that carries no DOI
SF0183,accepted,1.0,Data Driven VRP: A Neural Network Model to Learn Hidden Preferences for VRP,2021,Mandi,10.4230/LIPIcs.CP.2021.42,Data driven VRP: A neural network model to learn hidden preferences for VRP,2021,"Leibniz International Proceedings in Informatics, LIPIcs",2-s2.0-85118108136,0,yes,scopus_doi_lookup_2026-09-22_4.csv,title and surname agree
SF0184,none,1.0,Decision-focused learning: Through the lens of learning to rank,2022,Mandi,,Decision-Focused Learning: Through the Lens of Learning to Rank,2022,Proceedings of Machine Learning Research,2-s2.0-85143581459,0,yes,scopus_doi_lookup_2026-09-22_5.csv,matched a Scopus record that carries no DOI
SF0186,accepted,1.0,Here comes the sun: Fashion goods retailing under weather fluctuations,2021,Martnezde,10.1016/j.ejor.2020.01.064,Here comes the sun: Fashion goods retailing under weather fluctuations,2021,European Journal of Operational Research,2-s2.0-85081197707,0,yes,scopus_doi_lookup_2026-09-22_5.csv,title and surname agree
SF0187,none,1.0,From softmax to sparsemax: A sparse model of attention and multi-label classification,2016,Martins,,From softmax to sparsemax: A sparse model of attention and multi-label classification,2016,"33rd International Conference on Machine Learning, ICML 2016",2-s2.0-84998880938,0,yes,scopus_doi_lookup_2026-09-22_5.csv,matched a Scopus record that carries no DOI
SF0190,none,0.561,Faster predict-and-optimize with three-operator splitting,2023,McKenzie,,,,,,,,,no Scopus record scored above the manual-review threshold
SF0192,review,1.0,Data valuation from data-driven optimization,2023,Mieth,10.1109/TCNS.2024.3431415,Data Valuation From Data-Driven Optimization,2025,IEEE Transactions on Control of Network Systems,2-s2.0-105001208309,2,yes,scopus_doi_lookup_2026-09-22_5.csv,"title matches but is short enough that two papers could share it, and the year moved 2"
SF0193,accepted,1.0,Adaptive perturbation-based gradient estimation for discrete latent variable models,2023,Minervini,10.1609/aaai.v37i8.26103,Adaptive Perturbation-Based Gradient Estimation for Discrete Latent Variable Models,2023,"Proceedings of the 37th AAAI Conference on Artificial Intelligence, AAAI 2023",2-s2.0-85168240525,0,yes,scopus_doi_lookup_2026-09-22_5.csv,title and surname agree
SF0194,accepted,1.0,Data analytics in operations management: A review,2020,Mi,10.1287/msom.2019.0805,Data analytics in operations management: A review,2020,Manufacturing and Service Operations Management,2-s2.0-85078789822,0,yes,scopus_doi_lookup_2026-09-22_5.csv,title and surname agree
SF0197,accepted,1.0,Contrastive losses and solution caching for predict-and-optimize,2021,Mulamba,10.24963/ijcai.2021/390,Contrastive Losses and Solution Caching for Predict-and-Optimize,2021,IJCAI International Joint Conference on Artificial Intelligence,2-s2.0-85122116844,0,yes,scopus_doi_lookup_2026-09-22_5.csv,title and surname agree
SF0198,accepted,1.0,A bilevel framework for decision-making under uncertainty with contextual information,2022,Muoz,10.1016/j.omega.2021.102575,A bilevel framework for decision-making under uncertainty with contextual information,2022,Omega (United Kingdom),2-s2.0-85121257414,0,yes,scopus_doi_lookup_2026-09-22_5.csv,title and surname agree
SF0200,none,1.0,A solver-free framework for scalable learning in neural ilp architectures,2022,Nandwani,,A Solver-Free Framework for Scalable Learning in Neural ILP Architectures,2022,Advances in Neural Information Processing Systems,2-s2.0-85160297395,0,yes,scopus_doi_lookup_2026-09-22_5.csv,matched a Scopus record that carries no DOI
SF0201,accepted,1.0,An integrated data-driven method using deep learning for a newsvendor problem with unobservable features,2022,Neghab,10.1016/j.ejor.2021.12.047,An integrated data-driven method using deep learning for a newsvendor problem with unobservable features,2022,European Journal of Operational Research,2-s2.0-85122946681,0,yes,scopus_doi_lookup_2026-09-22_5.csv,title and surname agree
SF0204,none,1.0,Distributionally robust local non-parametric conditional estimation,2020,Nguyen,,Distributionally robust local non-parametric conditional estimation,2020,Advances in Neural Information Processing Systems,2-s2.0-85108412830,0,yes,scopus_doi_lookup_2026-09-22_5.csv,matched a Scopus record that carries no DOI
SF0206,none,1.0,Implicit mle: Backpropagating through discrete exponential family distributions,2021,Niepert,,Implicit MLE: Backpropagating Through Discrete Exponential Family Distributions,2021,Advances in Neural Information Processing Systems,2-s2.0-85130847534,0,yes,scopus_doi_lookup_2026-09-22_5.csv,matched a Scopus record that carries no DOI
SF0207,none,0.609,Control-oriented modelbased reinforcement learning with implicit differentiation,2022,Nikishin,,,,,,,,,no Scopus record scored above the manual-review threshold
SF0208,none,0.604,Decision awareness in reinforcement learning,2022,Nikishin,,,,,,,,,no Scopus record scored above the manual-review threshold
SF0209,accepted,1.0,Prescriptive analytics for flexible capacity management,2022,Notz,10.1287/mnsc.2020.3867,Prescriptive Analytics for Flexible Capacity Management,2022,Management Science,2-s2.0-85132732774,0,yes,scopus_doi_lookup_2026-09-22_5.csv,title and surname agree
SF0211,accepted,1.0,A predictive prescription using minimum volume k-nearest neighbor enclosing ellipsoid and robust optimization,2021,Ohmori,10.3390/math9020119,A predictive prescription using minimum volume k-nearest neighbor enclosing ellipsoid and robust optimization,2021,Mathematics,2-s2.0-85099991626,0,yes,scopus_doi_lookup_2026-09-22_5.csv,title and surname agree
SF0212,accepted,1.0,Applying deep learning to the newsvendor problem,2020,Oroojlooyjadid,10.1080/24725854.2019.1632502,Applying deep learning to the newsvendor problem,2020,IISE Transactions,2-s2.0-85070466637,0,yes,scopus_doi_lookup_2026-09-22_5.csv,title and surname agree
SF0213,accepted,1.0,Perturb-and-map random fields: Using discrete optimization to learn and sample from energy models,2011,Papandreou,10.1109/ICCV.2011.6126242,Perturb-and-MAP random fields: Using discrete optimization to learn and sample from energy models,2011,Proceedings of the IEEE International Conference on Computer Vision,2-s2.0-84856654560,0,yes,scopus_doi_lookup_2026-09-22_5.csv,title and surname agree
SF0216,none,1.0,Gradient estimation with stochastic softmax tricks,2020,Paulus,,Gradient estimation with stochastic softmax tricks,2020,Advances in Neural Information Processing Systems,2-s2.0-85106118418,0,yes,scopus_doi_lookup_2026-09-22_5.csv,matched a Scopus record that carries no DOI
SF0217,none,1.0,Comboptnet: Fit the right np-hard problem by learning integer programming constraints,2021,Paulus,,CombOptNet: Fit the Right NP-Hard Problem by Learning Integer Programming Constraints,2021,Proceedings of Machine Learning Research,2-s2.0-85161346874,0,yes,scopus_doi_lookup_2026-09-22_5.csv,matched a Scopus record that carries no DOI
SF0219,none,0.551,Endto-end game-focused learning of adversary behavior in security games,2020,Perrault,,,,,,,,,no Scopus record scored above the manual-review threshold
SF0223,none,1.0,Theseus: A library for differentiable nonlinear optimization,2022,Pineda,,Theseus: A Library for Differentiable Nonlinear Optimization,2022,Advances in Neural Information Processing Systems,2-s2.0-85161528901,0,yes,scopus_doi_lookup_2026-09-22_5.csv,matched a Scopus record that carries no DOI
SF0227,none,0.56,"Integrating prediction/estimation and optimization with applications in operations management, pp",2022,Qi,,,,,,,,,no Scopus record scored above the manual-review threshold
SF0230,accepted,1.0,Data-driven approximation of contextual chance-constrained stochastic programs,2022,Rahimian,10.1137/22M1528045,DATA-DRIVEN APPROXIMATION OF CONTEXTUAL CHANCE-CONSTRAINED STOCHASTIC PROGRAMS,2023,SIAM Journal on Optimization,2-s2.0-85174334740,1,yes,scopus_doi_lookup_2026-09-22_5.csv,title and surname agree
SF0231,none,1.0,TorchOpt: An efficient library for differentiable optimization,2022,Ren,,TorchOpt: An Efficient Library for Differentiable Optimization,2023,Journal of Machine Learning Research,2-s2.0-85214083355,1,yes,scopus_doi_lookup_2026-09-22_6.csv,matched a Scopus record that carries no DOI
SF0235,accepted,1.0,Optimizing rank-based metrics with blackbox differentiation,2020,Rolinek,10.1109/CVPR42600.2020.00764,Optimizing rank-based metrics with blackbox differentiation,2020,Proceedings of the IEEE Computer Society Conference on Computer Vision and Pattern Recognition,2-s2.0-85094614729,0,yes,scopus_doi_lookup_2026-09-22_6.csv,title and surname agree
SF0236,accepted,1.0,Deep graph matching via blackbox differentiation of combinatorial solvers,2020,Rol,10.1007/978-3-030-58604-1_25,Deep Graph Matching via Blackbox Differentiation of Combinatorial Solvers,2020,Lecture Notes in Computer Science (including subseries Lecture Notes in Artificial Intelligence and Lecture Notes in Bioinformatics),2-s2.0-85097044661,0,yes,scopus_doi_lookup_2026-09-22_6.csv,title and surname agree
SF0246,accepted,1.0,Electricity price prediction for energy storage system arbitrage: A decision-focused approach,2022,Sang,10.1109/TSG.2022.3166791,Electricity Price Prediction for Energy Storage System Arbitrage: A Decision-Focused Approach,2022,IEEE Transactions on Smart Grid,2-s2.0-85128666269,0,yes,scopus_doi_lookup_2026-09-22_6.csv,title and surname agree
SF0247,accepted,1.0,Safety-aware semi-end-to-end coordinated decision model for voltage regulation in active distribution network,2023,Sang,10.1109/TSG.2022.3207561,Safety-Aware Semi-End-to-End Coordinated Decision Model for Voltage Regulation in Active Distribution Network,2023,IEEE Transactions on Smart Grid,2-s2.0-85139428219,0,yes,scopus_doi_lookup_2026-09-22_6.csv,title and surname agree
SF0249,none,0.538,Learning enabled optimization: Towards a fusion of statistical learning and stochastic programming,2017,Sen,,,,,,,,,no Scopus record scored above the manual-review threshold
SF0250,accepted,1.0,Bilevel optimization for feature selection in the data-driven newsvendor problem,2022,Serrano,10.1016/j.ejor.2024.01.025,Bilevel optimization for feature selection in the data-driven newsvendor problem,2024,European Journal of Operational Research,2-s2.0-85184004222,2,yes,scopus_doi_lookup_2026-09-22_6.csv,"title and surname agree; the year moved 2 (2022 -> 2024), which is a preprint reaching publication -- the version we want"
SF0252,none,0.622,Decision-focused learning without decision-making: Learning locally optimized decision losses,2022,Shah,,,,,,,,,no Scopus record scored above the manual-review threshold
SF0256,accepted,1.0,Score function gradient estimation to widen the applicability of decision-focused learning,2023,Silvestri,10.1613/jair.1.19498,Score Function Gradient Estimation to Widen the Applicability of Decision-Focused Learning,2026,Journal of Artificial Intelligence Research,2-s2.0-105030478700,3,yes,scopus_doi_lookup_2026-09-22_6.csv,"title and surname agree; the year moved 3 (2023 -> 2026), which is a preprint reaching publication -- the version we want"
SF0261,accepted,1.0,Prescriptive trees for integrated forecasting and optimization applied in trading of renewable energy,2022,Stratigakos,10.1109/TPWRS.2022.3152667,Prescriptive Trees for Integrated Forecasting and Optimization Applied in Trading of Renewable Energy,2022,IEEE Transactions on Power Systems,2-s2.0-85125315657,0,yes,scopus_doi_lookup_2026-09-22_6.csv,title and surname agree
SF0263,none,1.0,A unified perspective on regularization and perturbation in differentiable subset selection,2023,Sun,,A Unified Perspective on Regularization and Perturbation in Differentiable Subset Selection,2023,Proceedings of Machine Learning Research,2-s2.0-85163969325,0,yes,scopus_doi_lookup_2026-09-22_6.csv,matched a Scopus record that carries no DOI
SF0270,accepted,1.0,Pyepo: A pytorch-based end-to-end predict-then-optimize library for linear and integer programming,2022,Tang,10.1007/s12532-024-00255-x,PyEPO: a PyTorch-based end-to-end predict-then-optimize library for linear and integer programming,2024,Mathematical Programming Computation,2-s2.0-85198979964,2,yes,scopus_doi_lookup_2026-09-22_6.csv,"title and surname agree; the year moved 2 (2022 -> 2024), which is a preprint reaching publication -- the version we want"
SF0271,accepted,1.0,Multi-task predict-then-optimize,2023,Tang,10.1007/978-3-031-44505-7_34,Multi-task Predict-then-Optimize,2023,Lecture Notes in Computer Science (including subseries Lecture Notes in Artificial Intelligence and Lecture Notes in Bioinformatics),2-s2.0-85175971596,0,yes,scopus_doi_lookup_2026-09-22_6.csv,title and surname agree
SF0273,accepted,1.0,A smart predict-then-optimize method for targeted and cost-effective maritime transportation,2023,Tian,10.1016/j.trb.2023.03.009,A smart predict-then-optimize method for targeted and cost-effective maritime transportation,2023,Transportation Research Part B: Methodological,2-s2.0-85151664399,0,yes,scopus_doi_lookup_2026-09-22_3.csv,title and surname agree
SF0274,accepted,1.0,Prescriptive analytics for a maritime routing problem,2023,Tian,10.1016/j.ocecoaman.2023.106695,Prescriptive analytics for a maritime routing problem,2023,Ocean and Coastal Management,2-s2.0-85164246966,0,yes,scopus_doi_lookup_2026-09-22_6.csv,title and surname agree
SF0275,accepted,1.0,Tutorial on prescriptive analytics for logistics: What to predict and how to predict,2023,Tian,10.3934/era.2023116,Tutorial on prescriptive analytics for logistics: What to predict and how to predict,2023,Electronic Research Archive,2-s2.0-85150449778,0,yes,scopus_doi_lookup_2026-09-22_6.csv,title and surname agree
SF0278,accepted,1.0,Electricity price forecasting based on order books: a differentiable optimization approach,2023,Tschora,10.1109/DSAA60987.2023.10302542,Electricity Price Forecasting based on Order Books: a differentiable optimization approach,2023,"2023 IEEE 10th International Conference on Data Science and Advanced Analytics, DSAA 2023 - Proceedings",2-s2.0-85179011044,0,yes,scopus_doi_lookup_2026-09-22_6.csv,title and surname agree
SF0281,none,1.0,Differentiation of blackbox combinatorial solvers,2019,Vlastelica,,DIFFERENTIATION OF BLACKBOX COMBINATORIAL SOLVERS,2020,"8th International Conference on Learning Representations, ICLR 2020",2-s2.0-85117864239,1,yes,scopus_doi_lookup_2026-09-22_6.csv,matched a Scopus record that carries no DOI
SF0282,accepted,1.0,End-to-end learning with multiple modalities for system-optimised renewables nowcasting,2023,Vohra,10.1109/PowerTech55446.2023.10202904,End-to-End Learning with Multiple Modalities for System-Optimised Renewables Nowcasting,2023,"2023 IEEE Belgrade PowerTech, PowerTech 2023",2-s2.0-85152145411,0,yes,scopus_doi_lookup_2026-09-22_6.csv,title and surname agree
SF0284,accepted,1.0,More than accuracy: end-to-end wind power forecasting that optimises the energy system,2023,Wahdany,10.1016/j.epsr.2023.109384,More than accuracy: end-to-end wind power forecasting that optimises the energy system,2023,Electric Power Systems Research,2-s2.0-85152135918,0,yes,scopus_doi_lookup_2026-09-22_6.csv,title and surname agree
SF0285,none,1.0,Satnet: Bridging deep learning and logical reasoning using a differentiable satisfiability solver,2019,Wang,,SATNet: Bridging deep learning and logical reasoning using a differentiable satisfiability solver,2019,Proceedings of Machine Learning Research,2-s2.0-105020257241,0,yes,scopus_doi_lookup_2026-09-22_6.csv,matched a Scopus record that carries no DOI
SF0286,none,1.0,Automatically learning compact quality-aware surrogates for optimization problems,2020,Wang,,Automatically learning compact quality-aware surrogates for optimization problems,2020,Advances in Neural Information Processing Systems,2-s2.0-85108440422,0,yes,scopus_doi_lookup_2026-09-22_6.csv,matched a Scopus record that carries no DOI
SF0287,none,0.608,Distributionally robust prescriptive analytics with Wasserstein distance,2021,Wang,,,,,,,,,no Scopus record scored above the manual-review threshold
SF0288,none,0.537,Learning mdps from features: Predict-then-optimize for sequential decision making by reinforcement learning,2021,Wang,,,,,,,,,no Scopus record scored above the manual-review threshold
SF0289,none,1.0,LinSATNet: The positive linear satisfiability neural networks,2023,Wang,,LinSATNet: The Positive Linear Satisfiability Neural Networks,2023,Proceedings of Machine Learning Research,2-s2.0-85174385238,0,yes,scopus_doi_lookup_2026-09-22_6.csv,matched a Scopus record that carries no DOI
SF0292,none,1.0,End to end learning and optimization on graphs,2019,Wilder,,End to end learning and optimization on graphs,2019,Advances in Neural Information Processing Systems,2-s2.0-85090172760,0,yes,scopus_doi_lookup_2026-09-22_7.csv,matched a Scopus record that carries no DOI
SF0293,accepted,1.0,Melding the data-decisions pipeline: Decision-focused learning for combinatorial optimization,2019,Wilder,10.1609/aaai.v33i01.33011658,Melding the data-decisions pipeline: Decision-focused learning for combinatorial optimization,2019,"33rd AAAI Conference on Artificial Intelligence, AAAI 2019, 31st Innovative Applications of Artificial Intelligence Conference, IAAI 2019 and the 9th AAAI Symposium on Educational Advances in Artificial Intelligence, EAAI 2019",2-s2.0-85066865761,0,yes,scopus_doi_lookup_2026-09-22_7.csv,title and surname agree
SF0297,none,1.0,Differentiable linearized ADMM,2019,Xie,,Differentiable Linearized ADMM,2019,Proceedings of Machine Learning Research,2-s2.0-105020255704,0,yes,scopus_doi_lookup_2026-09-22_7.csv,matched a Scopus record that carries no DOI
SF0299,accepted,1.0,A semi-‘‘smart predict then optimize’’ (semi-SPO) method for efficient ship inspection,2020,Yan,10.1016/j.trb.2020.09.014,A semi-“smart predict then optimize” (semi-SPO) method for efficient ship inspection,2020,Transportation Research Part B: Methodological,2-s2.0-85093980532,0,yes,scopus_doi_lookup_2026-09-22_3.csv,title and surname agree
SF0300,accepted,1.0,Shipping domain knowledge informed prediction and optimization in port state control,2021,Yan,10.1016/j.trb.2021.05.003,Shipping Domain Knowledge Informed Prediction and Optimization in Port State Control,2021,Transportation Research Part B: Methodological,2-s2.0-85107006400,0,yes,scopus_doi_lookup_2026-09-22_7.csv,title and surname agree
SF0301,accepted,1.0,"An extended smart ‘‘predict, and optimize’’ (SPO) framework based on similar sets for ship inspection planning",2023,Yan,10.1016/j.tre.2023.103109,"An extended smart “predict, and optimize” (SPO) framework based on similar sets for ship inspection planning",2023,Transportation Research Part E: Logistics and Transportation Review,2-s2.0-85151687756,0,yes,scopus_doi_lookup_2026-09-22_7.csv,title and surname agree
SF0302,accepted,1.0,Pairwise-comparison based semi-spo method for ship inspection planning in maritime transportation,2022,Yang,10.3390/jmse10111696,Pairwise-Comparison Based Semi-SPO Method for Ship Inspection Planning in Maritime Transportation,2022,Journal of Marine Science and Engineering,2-s2.0-85141877909,0,yes,scopus_doi_lookup_2026-09-22_7.csv,title and surname agree
SF0305,accepted,1.0,Assessing the performance of deep learning algorithms for newsvendor problem,2017,Zhang,10.1007/978-3-319-70087-8_93,Assessing the performance of deep learning algorithms for newsvendor problem,2017,Lecture Notes in Computer Science (including subseries Lecture Notes in Artificial Intelligence and Lecture Notes in Bioinformatics),2-s2.0-85035117575,0,yes,scopus_doi_lookup_2026-09-22_7.csv,title and surname agree
SF0306,none,0.547,A universal end-to-end approach to portfolio optimization via deep learning,2021,Zhang,,,,,,,,,no Scopus record scored above the manual-review threshold
SF0307,none,0.547,Data-driven piecewise affine decision rules for stochastic programming with covariate information,2023,Zhang,,,,,,,,,no Scopus record scored above the manual-review threshold
