frame_id,title,year,first_author,in_jair,in_sadana,dup_of,repair_note,full_entry
SF0001,Deep learning with differential privacy,2016,Abadi,,Y,,,"Abadi, M., Chu, A., Goodfellow, I., McMahan, H. B., Mironov, I., Talwar, K., & Zhang, L. (2016). Deep learning with differential privacy. In Proceedings of the 2016 ACM SIGSAC conference on computer and communications security (pp. 308–318). NY, USA: Association for Computing Machinery."
SF0002,Combinatorial optimization for panoptic segmentation: A fully differentiable approach,2021,Abbas,Y,,,,"Abbas, A., & Swoboda, P. (2021). Combinatorial optimization for panoptic segmentation: A fully differentiable approach. In Ranzato, M., Beygelzimer, A., Dauphin, Y., Liang, P., & Vaughan, J. W. (Eds.), Advances in Neural Information Processing Systems, Vol. 34, pp. 15635–15649. Curran Associates, Inc."
SF0003,Perturbation techniques in online learning and optimization,2016,Abernethy,Y,,,,"Abernethy, J., Lee, C., & Tewari, A. (2016). Perturbation techniques in online learning and optimization. Perturbations, Optimization, and Statistics, 233."
SF0004,Deep learning using rectified linear units (relu),2019,Agarap,Y,,,,"Agarap, A. F. (2019). Deep learning using rectified linear units (relu).."
SF0005,Differentiable convex optimization layers,2019,Agrawal,Y,Y,,,"Agrawal, A., Amos, B., Barratt, S., Boyd, S., Diamond, S., & Kolter, J. Z. (2019). Differentiable convex optimization layers. In Advances in Neural Information Processing Systems: vol. 32, Curran Associates, Inc."
SF0006,Differentiating through a cone program,2019,Agrawal,Y,,,,"Agrawal, A., Barratt, S., Boyd, S., Busseti, E., & Moursi, W. M. (2019b). Differentiating through a cone program. Journal of Applied and Numerical Optimization, 1 (2), 107 – 115."
SF0007,Pricing for heterogeneous products: Analytics for ticket reselling,2023,Alley,,Y,,,"Alley, M., Biggs, M., Hariss, R., Herrmann, C., Li, M. L., & Perakis, G. (2023). Pricing for heterogeneous products: Analytics for ticket reselling. Manufacturing & Service Operations Management, 25(2), 409–426."
SF0008,OptNet: Differentiable optimization as a layer in neural networks,2017,Amos,Y,Y,,,"Amos, B., & Kolter, J. Z. (2017). OptNet: Differentiable optimization as a layer in neural networks. Vol. 70, In International Conference on Machine Learning (pp. 136–145). PMLR."
SF0009,The limited multi-label projection layer,2019,Amos,Y,,,,"Amos, B., Koltun, V., & Kolter, J. Z. (2019). The limited multi-label projection layer.."
SF0010,Theory of reproducing kernels,1950,Aronszajn,,Y,,,"Aronszajn, N. (1950). Theory of reproducing kernels. Transactions of the American Mathematical Society, 68(3), 337–404."
SF0011,Generalized random forests,2019,Athey,,Y,,,"Athey, S., Tibshirani, J., & Wager, S. (2019). Generalized random forests. The Annals of Statistics, 47(2), 1148–1178."
SF0012,Causal transport in discrete time and applications,2017,Backhoff,,Y,,,"Backhoff, J., Beiglbock, M., Lin, Y., & Zalashko, A. (2017). Causal transport in discrete time and applications. SIAM Journal on Optimization, 27(4), 2528–2562."
SF0013,Deep equilibrium models,2019,Bai,,Y,,,"Bai, S., Kolter, J. Z., & Koltun, V. (2019). Deep equilibrium models. In Advances in Neural Information Processing Systems: Vol. 32, Curran Associates, Inc."
SF0014,Multimodal machine learning: A survey and taxonomy,2019,Baltrušaitis,Y,,,,"Baltrušaitis, T., Ahuja, C., & Morency, L.-P. (2019). Multimodal machine learning: A survey and taxonomy. IEEE Transactions on Pattern Analysis and Machine Intelligence, 41 (2), 423–443."
SF0015,Dynamic procurement of new products with covariate information: The residual tree method,2019,Ban,,Y,,,"Ban, G.-Y., Gallien, J., & Mersereau, A. J. (2019). Dynamic procurement of new products with covariate information: The residual tree method. Manufacturing & Service Operations Management, 21(4), 798–815."
SF0016,The Big Data Newsvendor: Practical Insights from Machine Learning,2019,Ban,,Y,,,"Ban, G.-Y., & Rudin, C. (2019). The Big Data Newsvendor: Practical Insights from Machine Learning. Operations Research, 67(1), 90–108."
SF0017,Information and exponential families: in statistical theory,1978,Barndorff-Nielsen,Y,,,,"Barndorff-Nielsen, O. (1978). Information and exponential families: in statistical theory. John Wiley & Sons."
SF0018,Distributionally robust facility location problem under decision-dependent stochastic demand,2021,Basciftci,,Y,,,"Basciftci, B., Ahmed, S., & Shen, S. (2021). Distributionally robust facility location problem under decision-dependent stochastic demand. European Journal of Operational Research, 292(2), 548–561."
SF0019,Automatic differentiation in machine learning: a survey,2018,Baydin,Y,,,,"Baydin, A. G., Pearlmutter, B. A., Radul, A. A., & Siskind, J. M. (2018). Automatic differentiation in machine learning: a survey. Journal of Machine Learning Research, 18 (153), 1–43."
SF0020,Linear programming and network flows,2008,Bazaraa,Y,,,,"Bazaraa, M. S., Jarvis, J. J., & Sherali, H. D. (2008). Linear programming and network flows. John Wiley & Sons."
SF0021,Generalization bounds for regularized portfolio selection with market side information,2020,Bazier-Matte,,Y,,,"Bazier-Matte, T., & Delage, E. (2020). Generalization bounds for regularized portfolio selection with market side information. INFOR: Information Systems and Operational Research, 58(2), 374–401."
SF0022,Neural combinatorial optimization with reinforcement learning,2017,Bello,Y,,,,"Bello, I., Pham, H., Le, Q. V., Norouzi, M., & Bengio, S. (2017). Neural combinatorial optimization with reinforcement learning. In 5th International Conference on Learning Representations, ICLR 2017, Toulon, France, April 24-26, 2017, Workshop Track Proceedings. OpenReview.net."
SF0023,"Robust optimization, Vol",2009,Ben-Tal,Y,,,,"Ben-Tal, A., El Ghaoui, L., & Nemirovski, A. (2009). Robust optimization, Vol. 28. Princeton university press. Decision-Focused Learning: A Survey"
SF0024,Using a financial training criterion rather than a prediction criterion,1997,Bengio,,Y,,,"Bengio, Y. (1997). Using a financial training criterion rather than a prediction criterion. International Journal of Neural Systems, 8(4), 433–443."
SF0025,Machine learning for combinatorial optimization: A methodological tour d’horizon,2021,Bengio,,Y,,,"Bengio, Y., Lodi, A., & Prouvost, A. (2021). Machine learning for combinatorial optimization: A methodological tour d’horizon. European Journal of Operational Research, 290(2), 405–421."
SF0026,Learning with differentiable perturbed optimizers,2020,Berthet,Y,Y,,,"Berthet, Q., Blondel, M., Teboul, O., Cuturi, M., Vert, J.-P., & Bach, F. (2020). Learning with differentiable perturbed optimizers. In Advances in Neural Information Processing Systems: Vol. 33, (pp. 9508–9519). Curran Associates, Inc."
SF0027,Optimal prescriptive trees,2019,Bertsimas,,Y,,,"Bertsimas, D., Dunn, J., & Mundru, N. (2019). Optimal prescriptive trees. INFORMS Journal on Optimization, 1(2), 164–183."
SF0028,From predictive to prescriptive analytics,2020,Bertsimas,Y,Y,,,"Bertsimas, D., & Kallus, N. (2020). From predictive to prescriptive analytics. Management Science, 66(3), 1025–1044."
SF0029,The voice of optimization,2021,Bertsimas,,Y,,,"Bertsimas, D., & Stellato, B. (2021). The voice of optimization. Machine Learning, 110(2), 249–277."
SF0030,Bootstrap robust prescriptive analytics,2022,Bertsimas,,Y,,,"Bertsimas, D., & Van Parys, B. (2022). Bootstrap robust prescriptive analytics. Mathematical Programming, 195(1–2), 39–78."
SF0031,Data-driven optimization: A reproducing kernel Hilbert space approach,2022,Bertsimas,,Y,,,"Bertsimas, D., & Koduri, N. (2022). Data-driven optimization: A reproducing kernel Hilbert space approach. Operations Research, 70(1), 454–471."
SF0032,Dynamic optimization with side information,2023,Bertsimas,,Y,,,"Bertsimas, D., McCord, C., & Sturt, B. (2023). Dynamic optimization with side information. European Journal of Operational Research, 304(2), 634–651."
SF0033,Quality vs,2023,Besbes,,Y,,,"Besbes, O., Ma, W., & Mouchtaki, O. (2023). Quality vs. Quantity of data in contextual decision-making: Exact analysis under newsvendor loss. arXiv preprint arXiv:2302. 08424."
SF0034,Introduction to stochastic programming,2011,Birge,,Y,,,"Birge, J. R., & Louveaux, F. (2011). Introduction to stochastic programming. New York, NY: Springer."
SF0035,Fast differentiable sorting and ranking,2020,Blondel,Y,,,,"Blondel, M., Teboul, O., Berthet, Q., & Djolonga, J. (2020). Fast differentiable sorting and ranking. In International Conference on Machine Learning, pp. 950–959. PMLR."
SF0036,Learning with Fenchel-Young losses,2020,Blondel,,Y,,,"Blondel, M., Martins, A. F., & Niculae, V. (2020). Learning with Fenchel-Young losses. Journal of Machine Learning Research, 21(1), 1314–1382."
SF0037,Efficient and modular implicit differentiation,2022,Blondel,,Y,,,"Blondel, M., Berthet, Q., Cuturi, M., Frostig, R., Hoyer, S., Llinares-López, F., Pedregosa, F., & Vert, J.-P. (2022). Efficient and modular implicit differentiation. In Advances in Neural Information Processing Systems: Vol. 35, (pp. 5230–5242). Curran Associates, Inc."
SF0038,"Modern graph theory, Vol",2013,Bollobás,Y,,,,"Bollobás, B. (2013). Modern graph theory, Vol. 184. Springer Science & Business Media."
SF0039,Nonsmooth implicit differentiation for machine-learning and optimization,2021,Bolte,,Y,,,"Bolte, J., Le, T., Pauwels, E., & Silveti-Falls, T. (2021). Nonsmooth implicit differentiation for machine-learning and optimization. In Advances in Neural Information Processing Systems: Vol. 34, (pp. 13537–13549)."
SF0040,Convex Optimization,2014,Boyd,Y,,,,"Boyd, S. P., & Vandenberghe, L. (2014). Convex Optimization. Cambridge University Press."
SF0041,Decision-focused predictions via pessimistic bilevel optimization: a computational study,2023,Bucarey,Y,,,,"Bucarey, V., Calderón, S., Muñoz, G., & Semet, F. (2023). Decision-focused predictions via pessimistic bilevel optimization: a computational study.."
SF0042,Solution refinement at regular points of conic problems,2019,Busseti,Y,,,,"Busseti, E., Moursi, W. M., & Boyd, S. (2019). Solution refinement at regular points of conic problems. Computational Optimization and Applications, 74 (3), 627–643."
SF0043,Efficient differentiable quadratic programming layers: an ADMM approach,2023,Butler,,Y,,,"Butler, A., & Kwon, R. H. (2023a). Efficient differentiable quadratic programming layers: an ADMM approach. Computational Optimization and Applications, 84(2), 449–476."
SF0044,Integrating prediction in mean-variance portfolio optimization,2023,Butler,,Y,,,"Butler, A., & Kwon, R. H. (2023b). Integrating prediction in mean-variance portfolio optimization. Quantitative Finance, 23(3), 429–452."
SF0045,A meta analysis of data-driven newsvendor approaches,2022,Buttler,,Y,,,"Buttler, S., Philippi, A., Stein, N., & Pibernik, R. (2022). A meta analysis of data-driven newsvendor approaches. In ICLR 2022 workshop on setting up ML evaluation standards to accelerate progress. 28"
SF0046,The perils of learning before optimizing,2022,Cameron,Y,,,,"Cameron, C., Hartford, J., Lundy, T., & Leyton-Brown, K. (2022). The perils of learning before optimizing. Proceedings of the AAAI Conference on Artificial Intelligence, 36 (4), 3708–3715."
SF0047,Learning to rank: from pairwise approach to listwise approach,2007,Cao,Y,,,,"Cao, Z., Qin, T., Liu, T.-Y., Tsai, M.-F., & Li, H. (2007). Learning to rank: from pairwise approach to listwise approach. In Proceedings of the 24th international conference on Machine learning, pp. 129–136."
SF0048,Port selection for fluid antenna systems,2022,Chai,Y,,,,"Chai, Z., Wong, K.-K., Tong, K.-F., Chen, Y., & Zhang, Y. (2022). Port selection for fluid antenna systems. IEEE Communications Letters, 26 (5), 1180–1184."
SF0049,Inverse optimization: Theory and applications,2021,Chan,,Y,,,"Chan, T. C., Mahmood, R., & Zhu, I. Y. (2021). Inverse optimization: Theory and applications. Operations Research."
SF0050,A robust learning approach for regression models based on distributionally robust optimization,2018,Chen,,Y,,,"Chen, R., & Paschalidis, I. C. (2018). A robust learning approach for regression models based on distributionally robust optimization. Journal of Machine Learning Research, 19(13), 1–48."
SF0051,Selecting optimal decisions via distributionally robust nearest-neighbor regression,2019,Chen,,Y,,,"Chen, R., & Paschalidis, I. (2019). Selecting optimal decisions via distributionally robust nearest-neighbor regression. In Advances in Neural Information Processing Systems: Vol. 32, Curran Associates, Inc."
SF0052,Enforcing policy feasibility constraints through differentiable projection for energy optimization,2021,Chen,,Y,,,"Chen, B., Donti, P. L., Baker, K., Kolter, J. Z., & Bergés, M. (2021). Enforcing policy feasibility constraints through differentiable projection for energy optimization. In Proceedings of the Twelfth ACM International Conference on Future Energy Systems (pp. 199–210). ACM."
SF0053,End-to-end feasible optimization proxies for large-scale economic dispatch,2023,Chen,,Y,,,"Chen, W., Tanneau, M., & Van Hentenryck, P. (2023). End-to-end feasible optimization proxies for large-scale economic dispatch. arXiv preprint arXiv:2304.11726."
SF0054,"Chenreddy, A",,Chenreddy,,Y,,,"Chenreddy, A., & Delage, E. 2024. End-to-end Conditional Robust Optimization, arXiv preprint arXiv:2403.04670."
SF0055,Data-driven conditional robust optimization,2022,Chenreddy,Y,Y,,,"Chenreddy, A. R., Bandi, N., & Delage, E. (2022). Data-driven conditional robust optimization. In Advances in Neural Information Processing Systems: Vol. 35, (pp. 9525–9537). Curran Associates, Inc."
SF0056,Data-driven optimization for last-mile delivery,2023,Chu,Y,Y,,,"Chu, H., Zhang, W., Bai, P., & Chen, Y. (2023). Data-driven optimization for last-mile delivery. Complex & Intelligent Systems, 9(9), 2271–2284."
SF0057,Decision-aware learning for optimizing health supply chains,2022,Chung,,Y,,,"Chung, T.-H., Rostami, V., Bastani, H., & Bastani, O. (2022). Decision-aware learning for optimizing health supply chains. arXiv preprint arXiv:2211.08507."
SF0058,Interpretable optimal stopping,2022,Ciocan,,Y,,,"Ciocan, D. F., & Mišić, V. V. (2022). Interpretable optimal stopping. Management Science, 68(3), 1616–1638."
SF0059,Optimization and nonsmooth analysis,1990,Clarke,,Y,,,"Clarke, F. H. (1990). Optimization and nonsmooth analysis. SIAM."
SF0060,Dynamic pricing with fairness constraints,2021,Cohen,,Y,,,"Cohen, M. C., Miao, S., & Wang, Y. (2021). Dynamic pricing with fairness constraints. Available at https://doi.org/10.2139/ssrn.3930622."
SF0061,Price discrimination with fairness constraints,2022,Cohen,,Y,,,"Cohen, M. C., Elmachtoub, A. N., & Lei, X. (2022). Price discrimination with fairness constraints. Management Science, 68(12), 8536–8552."
SF0062,Differentiable patch selection for image recognition,2021,Cordonnier,Y,,,,"Cordonnier, J.-B., Mahendran, A., Dosovitskiy, A., Weissenborn, D., Uszkoreit, J., & Unterthiner, T. (2021). Differentiable patch selection for image recognition. In Proceedings of the IEEE/CVF Conference on Computer Vision and Pattern Recognition (CVPR), pp. 2351–2360."
SF0063,Distributionally robust end-to-end portfolio construction,2023,Costa,,Y,,,"Costa, G., & Iyengar, G. N. (2023). Distributionally robust end-to-end portfolio construction. Quantitative Finance, 23(10), 1465–1482."
SF0064,Endto-end learning via constraint-enforcing approximators for linear programs with applications to supply chains,2022,Cristian,,Y,,,"Cristian, R., Harsha, P., Perakis, G., Quanz, B. L., & Spantidakis, I. (2022). Endto-end learning via constraint-enforcing approximators for linear programs with applications to supply chains. In AI for Decision Optimization Workshop of the AAAI Conference on Artificial Intelligence."
SF0065,Approximation by superpositions of a sigmoidal function,1989,Cybenko,,Y,,,"Cybenko, G. (1989). Approximation by superpositions of a sigmoidal function. Mathematics of Control, Signals, and Systems, 2(4), 303–314."
SF0066,Learning with combinatorial optimization layers: a probabilistic approach,2022,Dalle,Y,Y,,,"Dalle, G., Baty, L., Bouvier, L., & Parmentier, A. (2022). Learning with combinatorial optimization layers: a probabilistic approach. arXiv preprint arXiv:2207.13513."
SF0067,A three-operator splitting scheme and its optimization applications,2017,Davis,,Y,,,"Davis, D., & Yin, W. (2017). A three-operator splitting scheme and its optimization applications. Set-Valued and Variational Analysis, 25(4), 829–858."
SF0068,Distributionally robust optimization under moment uncertainty with application to data-driven problems,2010,Delage,Y,,,,"Delage, E., & Ye, Y. (2010). Distributionally robust optimization under moment uncertainty with application to data-driven problems. Operations research, 58 (3), 595–612."
SF0069,An investigation into prediction+ optimisation for the knapsack problem,2019,Demirović,Y,,,,"Demirović, E., Stuckey, P. J., Bailey, J., Chan, J., Leckie, C., Ramamohanarao, K., & Guns, T. (2019). An investigation into prediction+ optimisation for the knapsack problem. In Integration of Constraint Programming, Artificial Intelligence, and Operations Research: 16th International Conference, CPAIOR 2019, Thessaloniki, Greece, June 4–7, 2019, Proceedings 16, pp. 241–257. Springer. Mandi, Kotary, Berden, Mulamba, Bucarey, Guns, & Fioretto"
SF0070,Predict+ optimise with ranking objectives: Exhaustively learning linear functions,2019,Demirović,,Y,,,"Demirović, E., J. Stuckey, P., Bailey, J., Chan, J., Leckie, C., Ramamohanarao, K., Guns, T., & Kraus, S. (2019). Predict+ optimise with ranking objectives: Exhaustively learning linear functions. In International Joint Conferences on Artificial Intelligence (pp. 1078–1085)."
SF0071,Dynamic programming for predict+optimise,2020,Demirović,Y,Y,,,"Demirović, E., Stuckey, P. J., Guns, T., Bailey, J., Leckie, C., Ramamohanarao, K., & Chan, J. (2020). Dynamic programming for predict+optimise. Vol. 34, In AAAI Conference on Artificial Intelligence (0202), (pp. 1444–1451)."
SF0072,Bridging the gap between predictive and prescriptive analytics-new optimization methodology needed,2016,den Hertog,Y,,,,"den Hertog, D., & Postek, K. (2016). Bridging the gap between predictive and prescriptive analytics-new optimization methodology needed. In Tilburg Univ, Tilburg, The Netherlands."
SF0073,Predictive stochastic programming,2022,Deng,,Y,,,"Deng, Y., & Sen, S. (2022). Predictive stochastic programming. Computational Management Science, 19(1), 65–98."
SF0074,A note on two problems in connexion with graphs,1959,Dijkstra,Y,,,,"Dijkstra, E. (1959). A note on two problems in connexion with graphs. Numerische Mathematik, 1 (1), 269–271."
SF0075,End-to-end learning for fair multiobjective optimization under uncertainty,2024,Dinh,Y,,,,"Dinh, M. H., Kotary, J., & Fioretto, F. (2024a). End-to-end learning for fair multiobjective optimization under uncertainty.."
SF0076,Learning fair ranking policies via differentiable optimization of ordered weighted averages,2024,Dinh,Y,,,,"Dinh, M. H., Kotary, J., & Fioretto, F. (2024b). Learning fair ranking policies via differentiable optimization of ordered weighted averages. In The 2024 ACM Conference on Fairness, Accountability, and Transparency, pp. 2508–2517."
SF0077,Differentiable learning of submodular models,2017,Djolonga,Y,,,,"Djolonga, J., & Krause, A. (2017). Differentiable learning of submodular models. In Guyon, I., Luxburg, U. V., Bengio, S., Wallach, H., Fergus, R., Vishwanathan, S., & Garnett, R. (Eds.), Advances in Neural Information Processing Systems, Vol. 30. Curran Associates, Inc."
SF0078,Optimizing generalized gini indices for fairness in rankings,2022,Do,Y,,,,"Do, V., & Usunier, N. (2022). Optimizing generalized gini indices for fairness in rankings. In Proceedings of the 45th International ACM SIGIR Conference on Research and Development in Information Retrieval, pp. 737–747."
SF0079,Implicit differentiation by perturbation,2010,Domke,Y,,,,"Domke, J. (2010). Implicit differentiation by perturbation. In Lafferty, J., Williams, C., Shawe-Taylor, J., Zemel, R., & Culotta, A. (Eds.), Advances in Neural Information Processing Systems, Vol. 23. Curran Associates, Inc."
SF0080,Generic methods for optimization-based modeling,2012,Domke,Y,Y,,,"Domke, J. (2012). Generic methods for optimization-based modeling. In International Conference on Artificial Intelligence and Statistics (pp. 318–326). PMLR."
SF0081,Implicit functions and solution mappings: A view from variational analysis,2009,Dontchev,,Y,,title re-parsed 2026-09-21 (was 'Vol'),"Dontchev, A. L., Rockafellar, R. T., & Rockafellar, R. T. (2009). Vol. 616, Implicit functions and solution mappings: A view from variational analysis. Springer."
SF0082,Task-based end-to-end model learning in stochastic optimization,2017,Donti,Y,Y,,,"Donti, P., Amos, B., & Kolter, J. Z. (2017). Task-based end-to-end model learning in stochastic optimization. In Advances in Neural Information Processing Systems: vol. 30, Curran Associates, Inc."
SF0083,Enforcing robust control guarantees within neural network policies,2021,Donti,,Y,,,"Donti, P. L., Roderick, M., Fazlyab, M., & Kolter, J. Z. (2021). Enforcing robust control guarantees within neural network policies. In International Conference on Learning Representations."
SF0084,Towards a rigorous science of interpretable machine learning,2017,Doshi-Velez,,Y,,,"Doshi-Velez, F., & Kim, B. (2017). Towards a rigorous science of interpretable machine learning. arXiv preprint arXiv:1702.08608."
SF0085,"Deep implicit layers tutorial - neural ODEs, deep equilibrium models, and beyond",2020,Duvenaud,,Y,,,"Duvenaud, D., Kolter, J. Z., & Johnson, M. (2020). Deep implicit layers tutorial - neural ODEs, deep equilibrium models, and beyond. In Neural Information Processing Systems Tutorial."
SF0086,Generalization bounds in the predict-then-optimize framework,2019,El Balghiti,Y,Y,,,"El Balghiti, O., Elmachtoub, A. N., Grigas, P., & Tewari, A. (2019). Generalization bounds in the predict-then-optimize framework. In Advances in Neural Information Processing Systems: vol. 32, Curran Associates, Inc."
SF0087,Decision trees for decision-making under the predict-then-optimize framework,2020,Elmachtoub,Y,,,,"Elmachtoub, A., Liang, J. C. N., & McNellis, R. (2020). Decision trees for decision-making under the predict-then-optimize framework. In International Conference on Machine Learning, pp. 2858–2867. PMLR."
SF0088,Decision trees for decisionmaking under the predict-then-optimize framework,2020,Elmachtoub,,Y,SF0087,"same work: SPO Trees, ICML 2020: 'decisionmaking' vs 'decision-making' (hyphen lost)","Elmachtoub, A. N., Liang, J. C. N., & McNellis, R. (2020). Decision trees for decisionmaking under the predict-then-optimize framework. In International Conference on Machine Learning (pp. 2858–2867). PMLR. 86"
SF0089,"Smart ‘‘Predict, then Optimize’’",2022,Elmachtoub,Y,Y,,,"Elmachtoub, A. N., & Grigas, P. (2022). Smart ‘‘Predict, then Optimize’’. Management Science, 68(1), 9–26."
SF0090,Estimate-then-optimize versus integrated-estimation-optimization: A stochastic dominance perspective,2023,Elmachtoub,Y,Y,,,"Elmachtoub, A. N., Lam, H., Zhang, H., & Zhao, Y. (2023). Estimate-then-optimize versus integrated-estimation-optimization: A stochastic dominance perspective. arXiv preprint arXiv:2304.06833."
SF0091,Distributionally robust stochastic programs with side information based on trimmings,2022,Esteban-Pérez,,Y,,,"Esteban-Pérez, A., & Morales, J. M. (2022). Distributionally robust stochastic programs with side information based on trimmings. Mathematical Programming, 195(1), 1069–1105."
SF0092,Distributionally robust optimal power flow with contextual information,2023,Esteban-Pérez,,Y,,,"Esteban-Pérez, A., & Morales, J. M. (2023). Distributionally robust optimal power flow with contextual information. European Journal of Operational Research, 306(3), 1047–1058."
SF0093,Smart predict-then-optimize for two-stage linear programs with side information,2023,Estes,,Y,,,"Estes, A. S., & Richard, J.-P. P. (2023). Smart predict-then-optimize for two-stage linear programs with side information. INFORMS Journal on Optimization, 5(3), 233–320."
SF0094,Optimization with constraint learning: a framework and survey,2023,Fajemisin,,Y,,,"Fajemisin, A. O., Maragno, D., & den Hertog, D. (2023). Optimization with constraint learning: a framework and survey. European Journal of Operational Research."
SF0095,Pytorch lightning,2019,Falcon,Y,,,,"Falcon, W., et al. (2019). Pytorch lightning. GitHub. Note: https://github. com/PyTorchLightning/pytorch-lightning, 3 (6), 11."
SF0096,Iterative value-aware model learning,2018,Farahmand,,Y,,,"Farahmand, A.-M. (2018). Iterative value-aware model learning. In S. Bengio, H. Wallach, H. Larochelle, K. Grauman, N. Cesa-Bianchi, & R. Garnett (Eds.), Advances in Neural Information Processing Systems: vol. 31."
SF0097,MIPaaL: Mixed integer program as a layer,2020,Ferber,Y,Y,,,"Ferber, A., Wilder, B., Dilkina, B., & Tambe, M. (2020). MIPaaL: Mixed integer program as a layer. Vol. 34, In AAAI Conference on Artificial Intelligence (02), (pp. 1504–1511)."
SF0098,Predicting wildlife trafficking routes with differentiable shortest paths,2023,Ferber,Y,,,,"Ferber, A., Griffin, E., Dilkina, B., Keskin, B., & Gore, M. (2023a). Predicting wildlife trafficking routes with differentiable shortest paths. In Proceedings of the Integration of Constraint Programming, Artificial Intelligence, and Operations Research: 20th International Conference, CPAIOR 2023."
SF0099,Surco: Learning linear surrogates for combinatorial nonlinear optimization problems,2023,Ferber,Y,,,,"Ferber, A. M., Huang, T., Zha, D., Schubert, M., Steiner, B., Dilkina, B., & Tian, Y. (2023b). Surco: Learning linear surrogates for combinatorial nonlinear optimization problems. In Krause, A., Brunskill, E., Cho, K., Engelhardt, B., Sabato, S., & Scarlett, J. (Eds.), International Conference on Machine Learning, ICML 2023, 23-29 July 2023, Honolulu, Hawaii, USA, Vol. 202 of Proceedings of Machine Learning Research, pp. 10034–10052. PMLR."
SF0100,Analytics for an online retailer: Demand forecasting and price optimization,2016,Ferreira,,Y,,,"Ferreira, K. J., Lee, B. H., & Simchi-Levi, D. (2016). Analytics for an online retailer: Demand forecasting and price optimization. Manufacturing & Service Operations Management, 18(1), 69–88."
SF0101,Explainable data-driven optimization: From context to decision and back again,2023,Forel,,Y,,,"Forel, A., Parmentier, A., & Vidal, T. (2023). Explainable data-driven optimization: From context to decision and back again. In International Conference on Machine Learning (pp. 10170–10187). PMLR."
SF0102,JFB: Jacobian-free backpropagation for implicit networks,2022,Fung,,Y,,,"Fung, S. W., Heaton, H., Li, Q., Mckenzie, D., Osher, S., & Yin, W. (2022). JFB: Jacobian-free backpropagation for implicit networks. Vol. 36, In AAAI Conference on Artificial Intelligence (66), (pp. 6648–6656)."
SF0103,Application-driven learning: A closed-loop prediction and optimization approach applied to dynamic reserves and demand forecasting,2021,Garcia,Y,,,,"Garcia, J. D., Street, A., Homem-de Mello, T., & Muñoz, F. D. (2021). Application-driven learning: A closed-loop prediction and optimization approach applied to dynamic reserves and demand forecasting.."
SF0104,Portfolio Selection with Parameter and Model Uncertainty: A Multi-Prior Approach,2006,Garlappi,Y,,,,"Garlappi, L., Uppal, R., & Wang, T. (2006). Portfolio Selection with Parameter and Model Uncertainty: A Multi-Prior Approach. The Review of Financial Studies, 20 (1), 41–81."
SF0105,Learning dense representations for entity retrieval,2019,Gillick,Y,,,,"Gillick, D., Kulkarni, S., Lansing, L., Presta, A., Baldridge, J., Ie, E., & Garcia-Olano, D. (2019). Learning dense representations for entity retrieval. In Proceedings of the 23rd Conference on Computational Natural Language Learning (CoNLL), pp. 528– 537, Hong Kong, China. Association for Computational Linguistics."
SF0106,Satisfiability solvers,2008,Gomes,Y,,,,"Gomes, C. P., Kautz, H., Sabharwal, A., & Selman, B. (2008). Satisfiability solvers. Foundations of Artificial Intelligence, 3, 89–134."
SF0107,Explaining and harnessing adversarial examples,2015,Goodfellow,Y,,,,"Goodfellow, I. J., Shlens, J., & Szegedy, C. (2015). Explaining and harnessing adversarial examples. In Bengio, Y., & LeCun, Y. (Eds.), 3rd International Conference on Learning Representations, ICLR 2015, San Diego, CA, USA, May 7-9, 2015, Conference Track Proceedings."
SF0108,On distinguishability criteria for estimating generative models,2015,Goodfellow,Y,,,,"Goodfellow, I. J. (2015). On distinguishability criteria for estimating generative models. In Proceedings of ICLR."
SF0109,On differentiating parameterized argmin and argmax problems with application to bilevel optimization,2016,Gould,Y,,,,"Gould, S., Fernando, B., Cherian, A., Anderson, P., Cruz, R. S., & Guo, E. (2016). On differentiating parameterized argmin and argmax problems with application to bilevel optimization.."
SF0110,Multi-stage production-inventory systems,1990,Goyal,Y,,,,"Goyal, S. K., & Gunasekaran, A. (1990). Multi-stage production-inventory systems. European Journal of Operational Research, 46 (1), 1–20."
SF0111,Graph implementations for nonsmooth convex programs,2008,Grant,Y,,,,"Grant, M. C., & Boyd, S. P. (2008). Graph implementations for nonsmooth convex programs. In Recent advances in learning and control, pp. 95–110. Springer. Mandi, Kotary, Berden, Mulamba, Bucarey, Guns, & Fioretto"
SF0112,Generalized inner loop meta-learning,2019,Grefenstette,,Y,,,"Grefenstette, E., Amos, B., Yarats, D., Htut, P. M., Molchanov, A., Meier, F., Kiela, D., Cho, K., & Chintala, S. (2019). Generalized inner loop meta-learning. arXiv preprint arXiv:1910.01727."
SF0113,Integrated conditional estimation-optimization,2021,Grigas,Y,Y,,,"Grigas, P., Qi, M., & Shen, M. (2021). Integrated conditional estimation-optimization. arXiv preprint arXiv:2110.12351."
SF0114,The value equivalence principle for model-based reinforcement learning,2020,Grimm,,Y,,,"Grimm, C., Barreto, A., Singh, S., & Silver, D. (2020). The value equivalence principle for model-based reinforcement learning. In Advances in Neural Information Processing Systems: vol. 33."
SF0115,A divide and conquer algorithm for predict+optimize with non-convex problems,2022,Guler,Y,,,,"Guler, A. U., Demirović, E., Chan, J., Bailey, J., Leckie, C., & Stuckey, P. J. (2022). A divide and conquer algorithm for predict+optimize with non-convex problems. Proceedings of the AAAI Conference on Artificial Intelligence, 36 (4), 3749–3757."
SF0116,"Small-data, large-scale linear optimization with uncertain objectives",2021,Gupta,,Y,,,"Gupta, V., & Rusmevichientong, P. (2021). Small-data, large-scale linear optimization with uncertain objectives. Management Science, 67(1), 220–241."
SF0117,"Debiasing in-sample policy performance for small-data, large-scale optimization",2022,Gupta,,Y,,,"Gupta, V., Huang, M., & Rusmevichientong, P. (2022). Debiasing in-sample policy performance for small-data, large-scale optimization. Operations Research."
SF0118,Gurobi optimizer reference manual,2021,Gurobi Optimization,Y,,,,"Gurobi Optimization, L. (2021). Gurobi optimizer reference manual. http://www.gurobi. com."
SF0119,Noise-contrastive estimation: A new estimation principle for unnormalized statistical models,2010,Gutmann,Y,,,,"Gutmann, M., & Hyvärinen, A. (2010). Noise-contrastive estimation: A new estimation principle for unnormalized statistical models. In Proceedings of the Thirteenth International Conference on Artificial Intelligence and Statistics, pp. 297–304."
SF0120,Warcraft ii open-source map editor,2017,Guyomarch,Y,,,,"Guyomarch, J. (2017). Warcraft ii open-source map editor. http://github.com/war2/war2edit."
SF0121,Implicit functions and optimization problems without continuous differentiability of the data,1974,Halkin,,Y,,,"Halkin, H. (1974). Implicit functions and optimization problems without continuous differentiability of the data. SIAM Journal on Control, 12(2), 229–236."
SF0122,Nonparametric density estimation for stochastic optimization with an observable state variable,2010,Hannah,,Y,,,"Hannah, L., Powell, W., & Blei, D. (2010). Nonparametric density estimation for stochastic optimization with an observable state variable. In Advances in Neural Information Processing Systems: vol. 23, Curran Associates, Inc."
SF0123,Deep residual learning for image recognition,2016,He,Y,,,,"He, K., Zhang, X., Ren, S., & Sun, J. (2016). Deep residual learning for image recognition. In Proceedings of the IEEE Conference on Computer Vision and Pattern Recognition (CVPR)."
SF0124,Learn to predict equilibria via fixed point networks,2022,Heaton,,Y,,,"Heaton, H., McKenzie, D., Li, Q., Fung, S. W., Osher, S., & Yin, W. (2022). Learn to predict equilibria via fixed point networks. arXiv:2106.00906."
SF0125,Distilling the knowledge in a neural network,2015,Hinton,Y,,,,"Hinton, G., Vinyals, O., & Dean, J. (2015). Distilling the knowledge in a neural network.."
SF0126,Risk guarantees for end-to-end prediction and optimization processes,2022,Ho-Nguyen,,Y,,,"Ho-Nguyen, N., & Kılınç-Karzan, F. (2022). Risk guarantees for end-to-end prediction and optimization processes. Management Science, 68(12), 8680–8698."
SF0127,Kernel methods in machine learning,2008,Hofmann,,Y,,,"Hofmann, T., Schölkopf, B., & Smola, A. (2008). Kernel methods in machine learning. The Annals of Statistics, 36(3), 1171–1220."
SF0128,Toward optimal energy management of microgrids via robust two-stage optimization,2016,Hu,Y,,,,"Hu, W., Wang, P., & Gooi, H. B. (2016). Toward optimal energy management of microgrids via robust two-stage optimization. IEEE Transactions on smart grid, 9 (2), 1161–1174."
SF0129,Branch & learn for recursively and iteratively solvable problems in predict+optimize,2022,Hu,Y,,,,"Hu, X., Lee, J. C., Lee, J. H., & Zhong, A. Z. (2022). Branch & learn for recursively and iteratively solvable problems in predict+optimize. In Oh, A. H., Agarwal, A., Belgrave, D., & Cho, K. (Eds.), Advances in Neural Information Processing Systems."
SF0130,Fast rates for contextual linear optimization,2022,Hu,,Y,,,"Hu, Y., Kallus, N., & Mao, X. (2022). Fast rates for contextual linear optimization. Management Science, 68(6), 4236–4245."
SF0131,Branch & learn with post-hoc correction for predict+optimize with unknown parameters in constraints,2023,Hu,Y,,,,"Hu, X., Lee, J. C. H., & Lee, J. H. M. (2023a). Branch & learn with post-hoc correction for predict+optimize with unknown parameters in constraints. In Integration of Constraint Programming, Artificial Intelligence, and Operations Research, pp. 264–280. Springer Nature Switzerland."
SF0132,Predict+optimize for packing and covering lps with unknown parameters in constraints,2023,Hu,Y,,,,"Hu, X., Lee, J. C., & Lee, J. H. (2023c). Predict+optimize for packing and covering lps with unknown parameters in constraints. Proceedings of the AAAI Conference on Artificial Intelligence, 37 (4), 3987–3995."
SF0133,Two-stage predict+optimize for milps with unknown parameters in constraints,2023,Hu,Y,,,,"Hu, X., Lee, J. C. H., & Lee, J. H. (2023b). Two-stage predict+optimize for milps with unknown parameters in constraints. In Oh, A., Naumann, T., Globerson, A., Saenko, K., Hardt, M., & Levine, S. (Eds.), Advances in Neural Information Processing Systems 36: Annual Conference on Neural Information Processing Systems 2023, NeurIPS 2023, New Orleans, LA, USA, December 10 - 16, 2023."
SF0134,Learning deep structured semantic models for web search using clickthrough data,2013,Huang,Y,,,,"Huang, P., He, X., Gao, J., Deng, L., Acero, A., & Heck, L. P. (2013). Learning deep structured semantic models for web search using clickthrough data. In He, Q., Iyengar, A., Nejdl, W., Pei, J., & Rastogi, R. (Eds.), 22nd ACM International Conference on Information and Knowledge Management, CIKM’13, San Francisco, CA, USA, October 27 - November 1, 2013, pp. 2333–2338. ACM."
SF0135,A data-driven newsvendor problem: From data to decision,2019,Huber,,Y,,,"Huber, J., Müller, S., Fleischmann, M., & Stuckenschmidt, H. (2019). A data-driven newsvendor problem: From data to decision. European Journal of Operational Research, 278(3), 904–915."
SF0136,Properties of energy-price forecasts for scheduling,2012,Ifrim,Y,,,,"Ifrim, G., O’Sullivan, B., & Simonis, H. (2012). Properties of energy-price forecasts for scheduling. In International Conference on Principles and Practice of Constraint Programming, pp. 957–972. Springer."
SF0137,Linear programming,1994,Ignizio,Y,,,,"Ignizio, J. P., & Cavalier, T. M. (1994). Linear programming. Prentice-Hall, Inc. Decision-Focused Learning: A Survey"
SF0138,Unbiased objective estimation in predictive optimization,2018,Ito,,Y,,,"Ito, S., Yabe, A., & Fujimaki, R. (2018). Unbiased objective estimation in predictive optimization. In International Conference on Machine Learning (pp. 2176–2185). PMLR."
SF0139,Optimizer’s information criterion: Dissecting and correcting bias in data-driven optimization,2023,Iyengar,,Y,,,"Iyengar, G., Lam, H., & Wang, T. (2023). Optimizer’s information criterion: Dissecting and correcting bias in data-driven optimization. arXiv preprint arXiv:2306.10081."
SF0140,An exact symbolic reduction of linear smart predict+optimize to mixed integer linear programming,2022,Jeong,Y,Y,,,"Jeong, J., Jaggi, P., Butler, A., & Sanner, S. (2022). An exact symbolic reduction of linear smart predict+optimize to mixed integer linear programming. Vol. 162, In International Conference on Machine Learning (pp. 10053–10067). PMLR."
SF0141,Optimizing search engines using clickthrough data,2002,Joachims,Y,,,,"Joachims, T. (2002). Optimizing search engines using clickthrough data. In Proceedings of the Eighth ACM SIGKDD International Conference on Knowledge Discovery and Data Mining, July 23-26, 2002, Edmonton, Alberta, Canada, pp. 133–142. ACM."
SF0142,Modeling robustness in decision-focused learning as a stackelberg game,2023,Johnson-Yu,Y,,,,"Johnson-Yu, S., Wang, K., Finocchiaro, J., Taneja, A., & Tambe, M. (2023). Modeling robustness in decision-focused learning as a stackelberg game. In The 22nd International Conference on Autonomous Agents and Multiagent Systems."
SF0143,Active graph matching for automatic joint segmentation and annotation of c,2014,Kainmueller,Y,,,,"Kainmueller, D., Jug, F., Rother, C., & Myers, G. (2014). Active graph matching for automatic joint segmentation and annotation of c. elegans. In Golland, P., Hata, N., Barillot, C., Hornegger, J., & Howe, R. D. (Eds.), Medical Image Computing and Computer-Assisted Intervention - MICCAI 2014 - 17th International Conference, Boston, MA, USA, September 14-18, 2014, Proceedings, Part I, Vol. 8673 of Lecture Notes in Computer Science, pp. 81–88. Springer."
SF0144,Stochastic optimization forests,2022,Kallus,,Y,,,"Kallus, N., & Mao, X. (2022). Stochastic optimization forests. Management Science, 69(4), 1975–1994."
SF0145,"The right to explanation, explained",2019,Kaminski,,Y,,,"Kaminski, M. E. (2019). The right to explanation, explained. Berkeley Technology Law Journal, 34(1), 189–218."
SF0146,Residuals-based distributionally robust optimization with covariate information,2020,Kannan,,Y,,,"Kannan, R., Bayraksan, G., & Luedtke, J. R. (2020). Residuals-based distributionally robust optimization with covariate information. Mathematical Programming."
SF0147,Heteroscedasticity-aware residualsbased contextual stochastic optimization,2021,Kannan,,Y,,,"Kannan, R., Bayraksan, G., & Luedtke, J. (2021). Heteroscedasticity-aware residualsbased contextual stochastic optimization. arXiv preprint arXiv:2101.03139."
SF0148,Data-driven sample average approximation with covariate information,2022,Kannan,,Y,,,"Kannan, R., Bayraksan, G., & Luedtke, J. R. (2022). Data-driven sample average approximation with covariate information. arXiv preprint arXiv:2207.13554."
SF0149,On a space of totally additive functions,1958,Kantorovich,,Y,,,"Kantorovich, L. V., & Rubinshtein, G. S. (1958). On a space of totally additive functions. Vestnik Leningradskogo Universiteta, 13(7), 52–59."
SF0150,Interpretable contextual newsvendor models: A tree-based method to solving data-driven newsvendor problems (pp,2022,Keshavarz,,Y,,,"Keshavarz, P. (2022). Interpretable contextual newsvendor models: A tree-based method to solving data-driven newsvendor problems (pp. 1616–1638). University of Ottawa."
SF0151,Optimal vehicle routing with real-time traffic information,2005,Kim,Y,,,,"Kim, S., Lewis, M. E., & White, C. C. (2005). Optimal vehicle routing with real-time traffic information. IEEE Transactions on Intelligent Transportation Systems, 6 (2), 178–188."
SF0152,Auto-encoding variational bayes,2014,Kingma,Y,,,,"Kingma, D. P., & Welling, M. (2014). Auto-encoding variational bayes. In Bengio, Y., & LeCun, Y. (Eds.), 2nd International Conference on Learning Representations, ICLR 2014, Banff, AB, Canada, April 14-16, 2014, Conference Track Proceedings."
SF0153,Adam: A method for stochastic optimization,2015,Kingma,Y,,,,"Kingma, D. P., & Ba, J. (2015). Adam: A method for stochastic optimization. In Bengio, Y., & LeCun, Y. (Eds.), 3rd International Conference on Learning Representations, ICLR 2015, San Diego, CA, USA, May 7-9, 2015, Conference Track Proceedings."
SF0154,An exploration of poisoning attacks on data-based decision making,2023,Kinsey,Y,,,,"Kinsey, S. E., Tuck, W. W., Sinha, A., & Nguyen, T. H. (2023). An exploration of poisoning attacks on data-based decision making. In Decision and Game Theory for Security: 13th International Conference, GameSec 2022, Pittsburgh, PA, USA, October 26–28, 2022, Proceedings, pp. 231–252. Springer."
SF0155,Probabilistic graphical models: principles and techniques,2009,Koller,Y,,,,"Koller, D., & Friedman, N. (2009). Probabilistic graphical models: principles and techniques. MIT press."
SF0156,End-to-end stochastic optimization with energy-based model,2022,Kong,,Y,,,"Kong, L., Cui, J., Zhuang, Y., Feng, R., Prakash, B. A., & Zhang, C. (2022). End-to-end stochastic optimization with energy-based model. In Advances in Neural Information Processing Systems: vol. 35, (pp. 11341–11354). Curran Associates, Inc. 28"
SF0157,End-to-end learning for prediction and optimization with gradient boosting,2021,Konishi,Y,,,,"Konishi, T., & Fukunaga, T. (2021). End-to-end learning for prediction and optimization with gradient boosting. In Hutter, F., Kersting, K., Lijffijt, J., & Valera, I. (Eds.), Machine Learning and Knowledge Discovery in Databases, pp. 191–207, Cham. Springer International Publishing."
SF0158,End-to-end constrained optimization learning: A survey,2021,Kotary,Y,Y,,,"Kotary, J., Fioretto, F., Van Hentenryck, P., & Wilder, B. (2021). End-to-end constrained optimization learning: A survey. In International Joint Conferences on Artificial Intelligence (pp. 4475–4482)."
SF0159,End-to-end learning for fair ranking systems,2022,Kotary,Y,,,,"Kotary, J., Fioretto, F., Van Hentenryck, P., & Zhu, Z. (2022). End-to-end learning for fair ranking systems. In Proceedings of the ACM Web Conference 2022, pp. 3520–3530."
SF0160,Backpropagation of unrolled solvers with folded optimization,2023,Kotary,Y,,,,"Kotary, J., Dinh, M. H., & Fioretto, F. (2023b). Backpropagation of unrolled solvers with folded optimization. In Elkind, E. (Ed.), Proceedings of the Thirty-Second International Joint Conference on Artificial Intelligence, IJCAI-23, pp. 1963–1970. International Joint Conferences on Artificial Intelligence Organization. Mandi, Kotary, Berden, Mulamba, Bucarey, Guns, & Fioretto"
SF0161,Folded optimization for end-to-end model-based learning,2023,Kotary,,Y,SF0160,same work: Kotary et al. IJCAI-23: arXiv title 'Folded optimization for end-to-end model-based learning' vs proceedings title,"Kotary, J., Dinh, M. H., & Fioretto, F. (2023). Folded optimization for end-to-end model-based learning. In International Joint Conference on Artificial Intelligence."
SF0162,Predictthen-optimize by proxy: Learning joint models of prediction and optimization,2023,Kotary,Y,,,,"Kotary, J., Di Vito, V., Christopher, J., Van Hentenryck, P., & Fioretto, F. (2023a). Predictthen-optimize by proxy: Learning joint models of prediction and optimization.."
SF0163,On information and sufficiency,1951,Kullback,,Y,,,"Kullback, S., & Leibler, R. A. (1951). On information and sufficiency. The Annals of Mathematical Statistics, 22(1), 79–86."
SF0164,Approximating electrical distribution networks via mixed-integer nonlinear programming,2011,Lakhera,Y,,,,"Lakhera, S., Shanbhag, U. V., & McInerney, M. K. (2011). Approximating electrical distribution networks via mixed-integer nonlinear programming. International Journal of Electrical Power & Energy Systems, 33 (2), 245–257."
SF0165,Causal transport plans and their Monge–Kantorovich problems,2018,Lassalle,,Y,,,"Lassalle, R. (2018). Causal transport plans and their Monge–Kantorovich problems. Stochastic Analysis and Applications, 36(3), 452–484."
SF0166,A note on task-aware loss via reweighing prediction loss by decision-regret,2022,Lawless,,Y,,,"Lawless, C., & Zhou, A. (2022). A note on task-aware loss via reweighing prediction loss by decision-regret. arXiv preprint arXiv:2211.05116."
SF0167,Large-scale methods for distributionally robust optimization,2020,Levy,Y,,,,"Levy, D., Carmon, Y., Duchi, J. C., & Sidford, A. (2020). Large-scale methods for distributionally robust optimization. Advances in Neural Information Processing Systems, 33, 8847–8860."
SF0168,Data-driven newsvendor problems regularized by a profit risk constraint,2022,Lin,,Y,,,"Lin, S., Chen, Y., Li, Y., & Shen, Z.-J. M. (2022). Data-driven newsvendor problems regularized by a profit risk constraint. Production and Operations Management, 31(4), 1630–1644."
SF0169,"Theory and practice of uncertain programming, Vol",2009,Liu,Y,,,,"Liu, B., & Liu, B. (2009). Theory and practice of uncertain programming, Vol. 239. Springer."
SF0170,On-time last-mile delivery: Order assignment with travel-time predictors,2021,Liu,,Y,,,"Liu, S., He, L., & Max Shen, Z.-J. (2021). On-time last-mile delivery: Order assignment with travel-time predictors. Management Science, 67(7), 4095–4119."
SF0171,Risk bounds and calibration for a smart predict-then-optimize method,2021,Liu,Y,,,,"Liu, H., & Grigas, P. (2021). Risk bounds and calibration for a smart predict-then-optimize method. In Ranzato, M., Beygelzimer, A., Dauphin, Y., Liang, P., & Vaughan, J. W. (Eds.), Advances in Neural Information Processing Systems, Vol. 34, pp. 22083–22094. Curran Associates, Inc."
SF0172,Risk bounds and calibration for a smart predict-thenoptimize method,2021,Liu,,Y,SF0171,same work: Liu & Grigas NeurIPS 2021: 'predict-thenoptimize' vs 'predict-then-optimize',"Liu, H., & Grigas, P. (2021). Risk bounds and calibration for a smart predict-thenoptimize method. In Advances in Neural Information Processing Systems: vol. 34, (pp. 22083–22094). Curran Associates, Inc."
SF0173,Coupled learning enabled stochastic programming with endogenous uncertainty,2022,Liu,,Y,,,"Liu, J., Li, G., & Sen, S. (2022). Coupled learning enabled stochastic programming with endogenous uncertainty. Mathematics of Operations Research, 47(2), 1681–1705."
SF0174,Active learning in the predict-thenoptimize framework: A margin-based approach,2023,Liu,Y,,,,"Liu, M., Grigas, P., Liu, H., & Shen, Z.-J. M. (2023). Active learning in the predict-thenoptimize framework: A margin-based approach.."
SF0175,Active learning in the predictthen-optimize framework: A margin-based approach,2023,Liu,,Y,SF0174,same work: Liu et al. active learning PtO: 'predictthen-optimize' vs 'predict-thenoptimize',"Liu, M., Grigas, P., Liu, H., & Shen, Z.-J. M. (2023). Active learning in the predictthen-optimize framework: A margin-based approach. arXiv preprint arXiv:2305. 06584."
SF0176,End-to-end learning of user equilibrium with implicit neural networks,2023,Liu,,Y,,,"Liu, Z., Yin, Y., Bai, F., & Grimm, D. K. (2023). End-to-end learning of user equilibrium with implicit neural networks. Transportation Research Part C (Emerging Technologies), 150, Article 104085."
SF0177,Solving data-driven newsvendor pricing problems with decision-dependent effect,2023,Liu,,Y,,,"Liu, W., & Zhang, Z. (2023). Solving data-driven newsvendor pricing problems with decision-dependent effect. arXiv preprint arXiv:2304.13924."
SF0178,A practical inventory control policy using operational statistics,2005,Liyanage,,Y,,,"Liyanage, L. H., & Shanthikumar, J. G. (2005). A practical inventory control policy using operational statistics. Operations Research Letters, 33(4), 341–348."
SF0179,Decision-driven regularization: A blended model for predict-then-optimize,2022,Loke,,Y,,,"Loke, G. G., Tang, Q., & Xiao, Y. (2022). Decision-driven regularization: A blended model for predict-then-optimize. Available at https://doi.org/10.2139/ssrn. 3623006."
SF0180,The expressive power of neural networks: A view from the width,2017,Lu,,Y,,,"Lu, Z., Pu, H., Wang, F., Hu, Z., & Wang, L. (2017). The expressive power of neural networks: A view from the width. In Advances in Neural Information Processing Systems, Curran Associates, Inc."
SF0181,Interior point solving for LP-based prediction+optimisation,2020,Mandi,Y,Y,,,"Mandi, J., & Guns, T. (2020). Interior point solving for LP-based prediction+optimisation. In Advances in Neural Information Processing Systems: vol. 33, (pp. 7272–7282). Curran Associates, Inc."
SF0182,Smart predict-and-optimize for hard combinatorial optimization problems,2020,Mandi,Y,Y,,,"Mandi, J., Stuckey, P. J., & Guns, T. (2020). Smart predict-and-optimize for hard combinatorial optimization problems. Vol. 34, In AAAI Conference on Artificial Intelligence (02), (pp. 1603–1610)."
SF0183,Data Driven VRP: A Neural Network Model to Learn Hidden Preferences for VRP,2021,Mandi,Y,,,,"Mandi, J., Canoy, R., Bucarey, V., & Guns, T. (2021). Data Driven VRP: A Neural Network Model to Learn Hidden Preferences for VRP. In Michel, L. D. (Ed.), 27th International Conference on Principles and Practice of Constraint Programming (CP 2021), Vol. 210 of Leibniz International Proceedings in Informatics (LIPIcs), pp. 42:1–42:17."
SF0184,Decision-focused learning: Through the lens of learning to rank,2022,Mandi,Y,Y,,,"Mandi, J., Bucarey, V., Tchomba, M. M. K., & Guns, T. (2022). Decision-focused learning: Through the lens of learning to rank. In International Conference on Machine Learning (pp. 14935–14947). PMLR."
SF0185,"Decision-focused learning: Foundations, state of the art, benchmark and future opportunities",2023,Mandi,,Y,,,"Mandi, J., Kotary, J., Berden, S., Mulamba, M., Bucarey, V., Guns, T., & Fioretto, F. (2023). Decision-focused learning: Foundations, state of the art, benchmark and future opportunities. arXiv preprint arXiv:2307.13565."
SF0186,Here comes the sun: Fashion goods retailing under weather fluctuations,2021,Martínez-de Albeniz,,Y,,,"Martínez-de Albeniz, V., & Belkaid, A. (2021). Here comes the sun: Fashion goods retailing under weather fluctuations. European Journal of Operational Research, 294(3), 820–830."
SF0187,From softmax to sparsemax: A sparse model of attention and multi-label classification,2016,Martins,Y,,,,"Martins, A., & Astudillo, R. (2016). From softmax to sparsemax: A sparse model of attention and multi-label classification. In International conference on machine learning, pp. 1614–1623. PMLR."
SF0188,Risk bounds for statistical learning,2006,Massart,Y,,,,"Massart, P., & Nédélec, É. (2006). Risk bounds for statistical learning. The Annals of Statistics, 34 (5), 2326–2366."
SF0189,Field study in deploying restless multiarmed bandits: Assisting non-profits in improving maternal and child health,2022,Mate,,Y,,,"Mate, A., Madaan, L., Taneja, A., Madhiwalla, N., Verma, S., Singh, G., Hegde, A., Varakantham, P., & Tambe, M. (2022). Field study in deploying restless multiarmed bandits: Assisting non-profits in improving maternal and child health. Vol. 36, In AAAI Conference on Artificial Intelligence (1111), (pp. 12017–12025)."
SF0190,Faster predict-and-optimize with three-operator splitting,2023,McKenzie,,Y,,,"McKenzie, D., Fung, S. W., & Heaton, H. (2023). Faster predict-and-optimize with three-operator splitting. arXiv preprint arXiv:2301.13395."
SF0191,2021 amazon last mile routing research challenge: Data set,2024,Merchán,Y,,,,"Merchán, D., Arora, J., Pachon, J., Konduri, K., Winkenbach, M., Parks, S., & Noszek, J. (2024). 2021 amazon last mile routing research challenge: Data set. Transportation Science, 58 (1), 8–11. Decision-Focused Learning: A Survey"
SF0192,Data valuation from data-driven optimization,2023,Mieth,,Y,,,"Mieth, R., Morales, J. M., & Poor, H. V. (2023). Data valuation from data-driven optimization. arXiv preprint arXiv:2305.01775."
SF0193,Adaptive perturbation-based gradient estimation for discrete latent variable models,2023,Minervini,Y,,,,"Minervini, P., Franceschi, L., & Niepert, M. (2023). Adaptive perturbation-based gradient estimation for discrete latent variable models. Proceedings of the AAAI Conference on Artificial Intelligence, 37 (8), 9200–9208."
SF0194,Data analytics in operations management: A review,2020,Mišić,Y,Y,,,"Mišić, V. V., & Perakis, G. (2020). Data analytics in operations management: A review. Manufacturing & Service Operations Management, 22(1), 158–169."
SF0195,A fast and simple algorithm for training neural probabilistic language models,2012,Mnih,Y,,,,"Mnih, A., & Teh, Y. W. (2012). A fast and simple algorithm for training neural probabilistic language models. In Proceedings of the 29th International Conference on Machine Learning, ICML 2012, Edinburgh, Scotland, UK, June 26 - July 1, 2012. icml.cc / Omnipress."
SF0196,"Algorithm unrolling: Interpretable, efficient deep learning for signal and image processing",2021,Monga,Y,Y,,,"Monga, V., Li, Y., & Eldar, Y. C. (2021). Algorithm unrolling: Interpretable, efficient deep learning for signal and image processing. IEEE Signal Processing Magazine, 38(2), 18–44."
SF0197,Contrastive losses and solution caching for predict-and-optimize,2021,Mulamba,Y,Y,,,"Mulamba, M., Mandi, J., Diligenti, M., Lombardi, M., Lopez, V. B., & Guns, T. (2021). Contrastive losses and solution caching for predict-and-optimize. In International Joint Conference on Artificial Intelligence (pp. 2833–2840)."
SF0198,A bilevel framework for decision-making under uncertainty with contextual information,2022,Muñoz,,Y,,,"Muñoz, M. A., Pineda, S., & Morales, J. M. (2022). A bilevel framework for decision-making under uncertainty with contextual information. Omega, 108, Article 102575."
SF0199,On estimating regression,1964,Nadaraya,,Y,,,"Nadaraya, E. (1964). On estimating regression. Theory of Probability & its Applications, 9(1), 141–142."
SF0200,A solver-free framework for scalable learning in neural ilp architectures,2022,Nandwani,Y,,,,"Nandwani, Y., Ranjan, R., Mausam, & Singla, P. (2022). A solver-free framework for scalable learning in neural ilp architectures. In Koyejo, S., Mohamed, S., Agarwal, A., Belgrave, D., Cho, K., & Oh, A. (Eds.), Advances in Neural Information Processing Systems, Vol. 35, pp. 7972–7986. Curran Associates, Inc."
SF0201,An integrated data-driven method using deep learning for a newsvendor problem with unobservable features,2022,Neghab,,Y,,,"Neghab, D. P., Khayyati, S., & Karaesmen, F. (2022). An integrated data-driven method using deep learning for a newsvendor problem with unobservable features. European Journal of Operational Research, 302(2), 482–496."
SF0202,Advances in convex optimization: conic programming,2007,Nemirovski,Y,,,,"Nemirovski, A. (2007). Advances in convex optimization: conic programming. In International Congress of Mathematicians, Vol. 1, pp. 413–444."
SF0203,Algorithms for inverse reinforcement learning,2000,Ng,,Y,,,"Ng, A. Y., & Russell, S. (2000). Algorithms for inverse reinforcement learning. Vol. 1, In International Conference on Machine Learning (p. 2)."
SF0204,Distributionally robust local non-parametric conditional estimation,2020,Nguyen,,Y,,,"Nguyen, V. A., Zhang, F., Blanchet, J., Delage, E., & Ye, Y. (2020). Distributionally robust local non-parametric conditional estimation. In Advances in Neural Information Processing Systems: vol. 33, (pp. 15232–15242). Curran Associates, Inc. 87"
SF0205,Robustifying conditional portfolio decisions via optimal transport,2021,Nguyen,,Y,,,"Nguyen, V. A., Zhang, F., Blanchet, J., Delage, E., & Ye, Y. (2021). Robustifying conditional portfolio decisions via optimal transport. arXiv preprint arXiv:2103. 16451."
SF0206,Implicit mle: Backpropagating through discrete exponential family distributions,2021,Niepert,Y,,,,"Niepert, M., Minervini, P., & Franceschi, L. (2021). Implicit mle: Backpropagating through discrete exponential family distributions. In Ranzato, M., Beygelzimer, A., Dauphin, Y., Liang, P., & Vaughan, J. W. (Eds.), Advances in Neural Information Processing Systems, Vol. 34, pp. 14567–14579. Curran Associates, Inc."
SF0207,Control-oriented modelbased reinforcement learning with implicit differentiation,2022,Nikishin,,Y,,,"Nikishin, E., Abachi, R., Agarwal, R., & Bacon, P.-L. (2022). Control-oriented modelbased reinforcement learning with implicit differentiation. Vol. 36, In AAAI Conference on Artificial Intelligence (7), (pp. 7886–7894)."
SF0208,Decision awareness in reinforcement learning,2022,Nikishin,,Y,,,"Nikishin, E., D’Oro, P., Precup, D., Barreto, A., massoud Farahmand, A., Bacon, P.-L., & Hall, G. (2022). Decision awareness in reinforcement learning. In Workshop abstract. International Conference on Machine Learning."
SF0209,Prescriptive analytics for flexible capacity management,2022,Notz,,Y,,,"Notz, P. M., & Pibernik, R. (2022). Prescriptive analytics for flexible capacity management. Management Science, 68(3), 1756–1775."
SF0210,On solving linear programs with the ordered weighted averaging objective,2003,Ogryczak,Y,,,,"Ogryczak, W., & Śliwiński, T. (2003). On solving linear programs with the ordered weighted averaging objective. European Journal of Operational Research, 148 (1), 80–91."
SF0211,A predictive prescription using minimum volume k-nearest neighbor enclosing ellipsoid and robust optimization,2021,Ohmori,,Y,,,"Ohmori, S. (2021). A predictive prescription using minimum volume k-nearest neighbor enclosing ellipsoid and robust optimization. Mathematics, 9(2), 119."
SF0212,Applying deep learning to the newsvendor problem,2020,Oroojlooyjadid,,Y,,,"Oroojlooyjadid, A., Snyder, L. V., & Takáč, M. (2020). Applying deep learning to the newsvendor problem. IISE Transactions, 52(4), 444–463."
SF0213,Perturb-and-map random fields: Using discrete optimization to learn and sample from energy models,2011,Papandreou,Y,,,,"Papandreou, G., & Yuille, A. L. (2011). Perturb-and-map random fields: Using discrete optimization to learn and sample from energy models. In Metaxas, D. N., Quan, L., Sanfeliu, A., & Gool, L. V. (Eds.), IEEE International Conference on Computer Vision, ICCV 2011, Barcelona, Spain, November 6-13, 2011, pp. 193–200. IEEE Computer Society."
SF0214,"Pytorch: An imperative style, highperformance deep learning library",2019,Paszke,Y,,,,"Paszke, A., Gross, S., Massa, F., Lerer, A., Bradbury, J., Chanan, G., Killeen, T., Lin, Z., Gimelshein, N., Antiga, L., et al. (2019). Pytorch: An imperative style, highperformance deep learning library. Advances in neural information processing systems, 32."
SF0215,Conformal contextual robust optimization,2023,Patel,,Y,,,"Patel, Y., Rayan, S., & Tewari, A. (2023). Conformal contextual robust optimization. arXiv preprint arXiv:2310.10003."
SF0216,Gradient estimation with stochastic softmax tricks,2020,Paulus,Y,,,,"Paulus, M., Choi, D., Tarlow, D., Krause, A., & Maddison, C. J. (2020). Gradient estimation with stochastic softmax tricks. In Larochelle, H., Ranzato, M., Hadsell, R., Balcan, M., & Lin, H. (Eds.), Advances in Neural Information Processing Systems, Vol. 33, pp. 5691–5704. Curran Associates, Inc."
SF0217,Comboptnet: Fit the right np-hard problem by learning integer programming constraints,2021,Paulus,Y,,,,"Paulus, A., Rolı́nek, M., Musil, V., Amos, B., & Martius, G. (2021). Comboptnet: Fit the right np-hard problem by learning integer programming constraints. In International Conference on Machine Learning, pp. 8443–8453. PMLR. Mandi, Kotary, Berden, Mulamba, Bucarey, Guns, & Fioretto"
SF0218,Robust pricing and production with information partitioning and adaptation,2023,Perakis,,Y,,,"Perakis, G., Sim, M., Tang, Q., & Xiong, P. (2023). Robust pricing and production with information partitioning and adaptation. Management Science, 69(3), 1398–1419."
SF0219,Endto-end game-focused learning of adversary behavior in security games,2020,Perrault,,Y,,,"Perrault, A., Wilder, B., Ewing, E., Mate, A., Dilkina, B., & Tambe, M. (2020). Endto-end game-focused learning of adversary behavior in security games. Vol. 34, In AAAI Conference on Artificial Intelligence (02), (pp. 1378–1386)."
SF0220,Or-tools,2020,Perron,Y,,,,"Perron, L., & Furnon, V. (2020). Or-tools.."
SF0221,Contextual robust optimisation with uncertainty quantification,2023,Peršak,,Y,,,"Peršak, E., & Anjos, M. F. (2023). Contextual robust optimisation with uncertainty quantification. In International Conference on the Integration of Constraint Programming, Artificial Intelligence, and Operations Research (pp. 124–132). Springer."
SF0222,"Multistage stochastic optimization, Vol",2014,Pflug,Y,,,,"Pflug, G. C., & Pichler, A. (2014). Multistage stochastic optimization, Vol. 1104. Springer."
SF0223,Theseus: A library for differentiable nonlinear optimization,2022,Pineda,,Y,,,"Pineda, L., Fan, T., Monge, M., Venkataraman, S., Sodhi, P., Chen, R. T., Ortiz, J., DeTone, D., Wang, A., & Anderson, S. (2022). Theseus: A library for differentiable nonlinear optimization. In Advances in Neural Information Processing Systems: vol. 35, (pp. 3801–3818). Curran Associates, Inc."
SF0224,Knapsack problems,1998,Pisinger,Y,,,,"Pisinger, D., & Toth, P. (1998). Knapsack problems. In Handbook of combinatorial optimization, pp. 299–428. Springer."
SF0225,Where are the hard knapsack problems?,2005,Pisinger,Y,,,,"Pisinger, D. (2005). Where are the hard knapsack problems?. Computers & Operations Research, 32 (9), 2271–2284."
SF0226,Pytorch: Reducelronplateau — pytorch 1,2017,PyTorch,Y,,,,PyTorch (2017). Pytorch: Reducelronplateau — pytorch 1.9.0 documentation.. https://pytorch.org/docs/stable/generated/torch.optim.lr_scheduler. ReduceLROnPlateau.html#torch.optim.lr_scheduler.ReduceLROnPlateau.
SF0227,Integrating prediction/estimation and optimization with applications in operations management,2022,Qi,,Y,,,"Qi, M., & Shen, Z.-J. (2022). Integrating prediction/estimation and optimization with applications in operations management. In Tutorials in operations research: emerging and impactful topics in operations (pp. 36–58). INFORMS."
SF0228,"Integrating prediction/estimation and optimization with applications in operations management, pp",2022,Qi,Y,,SF0227,"same work: Qi & Shen, INFORMS TutORials 2022: same entry, one string lacks the book title","Qi, M., & Shen, Z.-J. (2022). Integrating prediction/estimation and optimization with applications in operations management, pp. 36–58. INFORMS."
SF0229,A practical end-to-end inventory management model with deep learning,2023,Qi,,Y,,,"Qi, M., Shi, Y., Qi, Y., Ma, C., Yuan, R., Wu, D., & Shen, Z.-J. M. (2023). A practical end-to-end inventory management model with deep learning. Management Science, 69(2), 759–773."
SF0230,Data-driven approximation of contextual chance-constrained stochastic programs,2022,Rahimian,,Y,,,"Rahimian, H., & Pagnoncelli, B. (2022). Data-driven approximation of contextual chance-constrained stochastic programs. SIAM Journal on Optimization, 33(3), 2248–2274."
SF0231,TorchOpt: An efficient library for differentiable optimization,2022,Ren,,Y,,,"Ren, J., Feng, X., Liu, B., Pan, X., Fu, Y., Mai, L., & Yang, Y. (2022). TorchOpt: An efficient library for differentiable optimization. arXiv preprint arXiv:2211.06934."
SF0232,Stochastic backpropagation and approximate inference in deep generative models,2014,Rezende,Y,,,,"Rezende, D. J., Mohamed, S., & Wierstra, D. (2014). Stochastic backpropagation and approximate inference in deep generative models. In Xing, E. P., & Jebara, T. (Eds.), Proceedings of the 31st International Conference on Machine Learning, Vol. 32 of Proceedings of Machine Learning Research, pp. 1278–1286, Bejing, China. PMLR."
SF0233,Multi-period forecasting and scenario generation with limited data,2015,Rios,,Y,,,"Rios, I., Wets, R. J., & Woodruff, D. L. (2015). Multi-period forecasting and scenario generation with limited data. Computational Management Science, 12(2), 267–295."
SF0234,Variational analysis,2009,Rockafellar,,Y,,,"Rockafellar, R. T., & Wets, R. J.-B. (2009). Variational analysis. Berlin: Springer."
SF0235,Optimizing rank-based metrics with blackbox differentiation,2020,Rolinek,Y,,,,"Rolinek, M., Musil, V., Paulus, A., Vlastelica, M., Michaelis, C., & Martius, G. (2020a). Optimizing rank-based metrics with blackbox differentiation. In Proceedings of the IEEE/CVF Conference on Computer Vision and Pattern Recognition (CVPR)."
SF0236,Deep graph matching via blackbox differentiation of combinatorial solvers,2020,Rolı́nek,Y,,,,"Rolı́nek, M., Swoboda, P., Zietlow, D., Paulus, A., Musil, V., & Martius, G. (2020b). Deep graph matching via blackbox differentiation of combinatorial solvers. In Vedaldi, A., Bischof, H., Brox, T., & Frahm, J. (Eds.), Computer Vision - ECCV 2020 - 16th European Conference, Glasgow, UK, August 23-28, 2020, Proceedings, Part XXVIII, Vol. 12373 of Lecture Notes in Computer Science, pp. 407–424. Springer."
SF0237,"Handbook of Constraint Programming, Vol",2006,Rossi,Y,,,,"Rossi, F., van Beek, P., & Walsh, T. (Eds.). (2006). Handbook of Constraint Programming, Vol. 2 of Foundations of Artificial Intelligence. Elsevier."
SF0238,Stop explaining black box machine learning models for high stakes decisions and use interpretable models instead,2019,Rudin,,Y,,,"Rudin, C. (2019). Stop explaining black box machine learning models for high stakes decisions and use interpretable models instead. Nature Machine Intelligence, 1(5), 206–215."
SF0239,Optimal replacement of GMC bus engines: An empirical model of Harold Zurcher,1987,Rust,,Y,,,"Rust, J. (1987). Optimal replacement of GMC bus engines: An empirical model of Harold Zurcher. Econometrica, 999–1033."
SF0240,Maximum likelihood estimation of discrete control processes,1988,Rust,,Y,,,"Rust, J. (1988). Maximum likelihood estimation of discrete control processes. SIAM Journal on Control and Optimization, 26(5), 1006–1024."
SF0241,Stochastic programming models,2003,Ruszczyński,Y,,,,"Ruszczyński, A., & Shapiro, A. (2003). Stochastic programming models. Handbooks in operations research and management science, 10, 1–64."
SF0242,End-to-end learning for stochastic optimization: A Bayesian perspective,2023,Rychener,,Y,,,"Rychener, Y., Kuhn, D., & Sutter, T. (2023). End-to-end learning for stochastic optimization: A Bayesian perspective. In International Conference on Machine Learning."
SF0243,A survey of contextual optimization methods for decision-making under uncertainty,2024,Sadana,Y,,,,"Sadana, U., Chenreddy, A., Delage, E., Forel, A., Frejinger, E., & Vidal, T. (2024). A survey of contextual optimization methods for decision-making under uncertainty. In European Journal of Operational Research."
SF0244,Optimization under uncertainty: state-of-the-art and opportunities,2004,Sahinidis,Y,,,,"Sahinidis, N. V. (2004). Optimization under uncertainty: state-of-the-art and opportunities. Computers & Chemical Engineering, 28 (6), 971–983. Decision-Focused Learning: A Survey"
SF0245,Backpropagation through combinatorial algorithms: Identity with projection works,2023,Sahoo,Y,Y,,,"Sahoo, S. S., Paulus, A., Vlastelica, M., Musil, V., Kuleshov, V., & Martius, G. (2023). Backpropagation through combinatorial algorithms: Identity with projection works. In International Conference on Learning Representations."
SF0246,Electricity price prediction for energy storage system arbitrage: A decision-focused approach,2022,Sang,Y,Y,,,"Sang, L., Xu, Y., Long, H., Hu, Q., & Sun, H. (2022). Electricity price prediction for energy storage system arbitrage: A decision-focused approach. IEEE Transactions on Smart Grid, 13(4), 2822–2832."
SF0247,Safety-aware semi-end-to-end coordinated decision model for voltage regulation in active distribution network,2023,Sang,,Y,,,"Sang, L., Xu, Y., Long, H., & Wu, W. (2023). Safety-aware semi-end-to-end coordinated decision model for voltage regulation in active distribution network. IEEE Transactions on Smart Grid, 14(3), 1814–1826."
SF0248,Collective classification in network data,2008,Sen,Y,,,,"Sen, P., Namata, G., Bilgic, M., Getoor, L., Galligher, B., & Eliassi-Rad, T. (2008). Collective classification in network data. AI Magazine, 29 (3), 93."
SF0249,Learning enabled optimization: Towards a fusion of statistical learning and stochastic programming,2017,Sen,,Y,,,"Sen, S., & Deng, Y. (2017). Learning enabled optimization: Towards a fusion of statistical learning and stochastic programming. Available at https://optimizationonline.org/?p=14456."
SF0250,Bilevel optimization for feature selection in the data-driven newsvendor problem,2022,Serrano,,Y,,,"Serrano, B., Minner, S., Schiffer, M., & Vidal, T. (2022). Bilevel optimization for feature selection in the data-driven newsvendor problem. arXiv preprint arXiv:2209.05093."
SF0251,Active learning literature survey,2009,Settles,Y,,,,"Settles, B. (2009). Active learning literature survey. Computer sciences technical report 1648, University of Wisconsin–Madison."
SF0252,Decision-focused learning without decision-making: Learning locally optimized decision losses,2022,Shah,Y,Y,,,"Shah, S., Wang, K., Wilder, B., Perrault, A., & Tambe, M. (2022). Decision-focused learning without decision-making: Learning locally optimized decision losses. In Advances in Neural Information Processing Systems: vol. 35, (pp. 1320–1332). Curran Associates, Inc."
SF0253,Leaving the nest: Going beyond local loss functions for predict-then-optimize,2024,Shah,Y,,,,"Shah, S., Wilder, B., Perrault, A., & Tambe, M. (2024). Leaving the nest: Going beyond local loss functions for predict-then-optimize. In Proceedings of the AAAI Conference on Artificial Intelligence, Vol. 38, pp. 14902–14909."
SF0254,Lectures on stochastic programming: modeling and theory (second ed,2014,Shapiro,,Y,,,"Shapiro, A., Dentcheva, D., & Ruszczyński, A. (2014). Lectures on stochastic programming: modeling and theory (second ed.). Philadelphia: SIAM."
SF0255,Model-based deep learning: On the intersection of deep learning and optimization,2022,Shlezinger,,Y,,,"Shlezinger, N., Eldar, Y. C., & Boyd, S. P. (2022). Model-based deep learning: On the intersection of deep learning and optimization. IEEE Access, 10, 115384–115398."
SF0256,Score function gradient estimation to widen the applicability of decision-focused learning,2023,Silvestri,Y,,,,"Silvestri, M., Berden, S., Mandi, J., İrfan Mahmutoğulları, A., Mulamba, M., Filippo, A. D., Guns, T., & Lombardi, M. (2023). Score function gradient estimation to widen the applicability of decision-focused learning.."
SF0257,CSPLib problem 059: Energy-cost aware scheduling,1999,Simonis,Y,,,,"Simonis, H., O’Sullivan, B., Mehta, D., Hurley, B., & Cauwer, M. D. (1999). CSPLib problem 059: Energy-cost aware scheduling. http://www.csplib.org/Problems/prob059."
SF0258,Fairness of exposure in rankings,2018,Singh,Y,,,,"Singh, A., & Joachims, T. (2018). Fairness of exposure in rankings. In Proceedings of the 24th ACM SIGKDD international conference on knowledge discovery & data mining, pp. 2219–2228."
SF0259,The optimizer’s curse: Skepticism and postdecision surprise in decision analysis,2006,Smith,,Y,,,"Smith, J. E., & Winkler, R. L. (2006). The optimizer’s curse: Skepticism and postdecision surprise in decision analysis. Management Science, 52(3), 311–322."
SF0260,On datadriven prescriptive analytics with side information: A regularized Nadaraya-Watson approach,2021,Srivastava,,Y,,,"Srivastava, P. R., Wang, Y., Hanasusanto, G. A., & Ho, C. P. (2021). On datadriven prescriptive analytics with side information: A regularized Nadaraya-Watson approach. arXiv preprint arXiv:2110.04855. 28"
SF0261,Prescriptive trees for integrated forecasting and optimization applied in trading of renewable energy,2022,Stratigakos,,Y,,,"Stratigakos, A., Camal, S., Michiorri, A., & Kariniotakis, G. (2022). Prescriptive trees for integrated forecasting and optimization applied in trading of renewable energy. IEEE Transactions on Power Systems, 37(6), 4696–4708."
SF0262,Deep ADMM-Net for compressive sensing MRI,2016,Sun,,Y,,,"Sun, J., Li, H., & Xu, Z. (2016). Deep ADMM-Net for compressive sensing MRI. In Advances in Neural Information Processing Systems: vol. 29, Curran Associates, Inc."
SF0263,A unified perspective on regularization and perturbation in differentiable subset selection,2023,Sun,,Y,,,"Sun, X., Leung, C. H., Li, Y., & Wu, Q. (2023). A unified perspective on regularization and perturbation in differentiable subset selection. In International Conference on Artificial Intelligence and Statistics (pp. 4629–4642). PMLR."
SF0264,Alternating differentiation for optimization layers,2023,Sun,,Y,,,"Sun, H., Shi, Y., Wang, J., Tuan, H. D., Poor, H. V., & Tao, D. (2023). Alternating differentiation for optimization layers. In International Conference on Learning Representations."
SF0265,Maximum optimality margin: A unified approach for contextual linear programming and inverse linear programming,2023,Sun,,Y,,,"Sun, C., Liu, S., & Li, X. (2023). Maximum optimality margin: A unified approach for contextual linear programming and inverse linear programming. In International Conference on Machine Learning (pp. 32886–32912). PMLR."
SF0266,Predict-then-calibrate: A new perspective of robust contextual LP,2024,Sun,Y,Y,,,"Sun, C., Liu, L., & Li, X. (2024). Predict-then-calibrate: A new perspective of robust contextual LP. 36, In Advances in Neural Information Processing Systems. Curran Associates, Inc.."
SF0267,Policy gradient methods for reinforcement learning with function approximation,1999,Sutton,,Y,,,"Sutton, R. S., McAllester, D., Singh, S., & Mansour, Y. (1999). Policy gradient methods for reinforcement learning with function approximation. vol. 12, In Advances in Neural Information Processing Systems. MIT Press."
SF0268,Deep inverse optimization,2019,Tan,Y,,,,"Tan, Y., Delong, A., & Terekhov, D. (2019). Deep inverse optimization. In Rousseau, L., & Stergiou, K. (Eds.), Integration of Constraint Programming, Artificial Intelligence, and Operations Research - 16th International Conference, CPAIOR 2019, Thessaloniki, Greece, June 4-7, 2019, Proceedings, Vol. 11494 of Lecture Notes in Computer Science, pp. 540–556. Springer."
SF0269,Learning linear programs from optimal decisions,2020,Tan,Y,,,,"Tan, Y., Terekhov, D., & Delong, A. (2020). Learning linear programs from optimal decisions. In Larochelle, H., Ranzato, M., Hadsell, R., Balcan, M., & Lin, H. (Eds.), Advances in Neural Information Processing Systems, Vol. 33, pp. 19738–19749."
SF0270,PyEPO: A PyTorch-based end-to-end predict-thenoptimize library for linear and integer programming,2022,Tang,,Y,,,"Tang, B., & Khalil, E. B. (2022). PyEPO: A PyTorch-based end-to-end predict-thenoptimize library for linear and integer programming. arXiv preprint arXiv:2206. 14234."
SF0271,Multi-task predict-then-optimize,2023,Tang,Y,,,,"Tang, B., & Khalil, E. B. (2023a). Multi-task predict-then-optimize. In Sellmann, M., & Tierney, K. (Eds.), Learning and Intelligent Optimization, pp. 506–522. Springer International Publishing. Mandi, Kotary, Berden, Mulamba, Bucarey, Guns, & Fioretto"
SF0272,Pyepo: A pytorch-based end-to-end predict-then-optimize library for linear and integer programming,2023,Tang,Y,,SF0270,"same work: PyEPO: arXiv 2022 (EJOR) vs 2023 (JAIR), same work","Tang, B., & Khalil, E. B. (2023b). Pyepo: A pytorch-based end-to-end predict-then-optimize library for linear and integer programming.."
SF0273,A smart predict-then-optimize method for targeted and cost-effective maritime transportation,2023,Tian,Y,Y,,,"Tian, X., Yan, R., Liu, Y., & Wang, S. (2023). A smart predict-then-optimize method for targeted and cost-effective maritime transportation. Transportation Research, Part B (Methodological), 172, 32–52."
SF0274,Prescriptive analytics for a maritime routing problem,2023,Tian,,Y,,,"Tian, X., Yan, R., Wang, S., & Laporte, G. (2023). Prescriptive analytics for a maritime routing problem. Ocean & Coastal Management, 242, Article 106695."
SF0275,Tutorial on prescriptive analytics for logistics: What to predict and how to predict,2023,Tian,,Y,,,"Tian, X., Yan, R., Wang, S., Liu, Y., & Zhen, L. (2023). Tutorial on prescriptive analytics for logistics: What to predict and how to predict. Electronic Research Archive, 31(4), 2265–2285."
SF0276,"Vehicle routing: Problems, methods, and applications",2015,Toth,Y,,,,"Toth, P., & Vigo, D. (2015). Vehicle routing: Problems, methods, and applications. Society for Industrial and Applied Mathematics."
SF0277,Differentiable submodular maximization,2018,Tschiatschek,Y,,,,"Tschiatschek, S., Sahin, A., & Krause, A. (2018). Differentiable submodular maximization. In Lang, J. (Ed.), Proceedings of the Twenty-Seventh International Joint Conference on Artificial Intelligence, IJCAI 2018, July 13-19, 2018, Stockholm, Sweden, pp. 2731– 2738. ijcai.org."
SF0278,Electricity price forecasting based on order books: a differentiable optimization approach,2023,Tschora,Y,,,,"Tschora, L., Guns, T., Pierre, E., Plantevit, M., & Robardet, C. (2023). Electricity price forecasting based on order books: a differentiable optimization approach. In 2023 IEEE 10th International Conference on Data Science and Advanced Analytics (DSAA), pp. 1–10."
SF0279,From data to decisions: Distributionally robust optimization is optimal,2021,Van Parys,,Y,,,"Van Parys, B. P., Esfahani, P. M., & Kuhn, D. (2021). From data to decisions: Distributionally robust optimization is optimal. Management Science, 67(6), 3387–3402."
SF0280,An overview of statistical learning theory,1999,Vapnik,Y,,,,"Vapnik, V. (1999). An overview of statistical learning theory. IEEE Trans. Neural Networks, 10 (5), 988–999."
SF0281,Differentiation of blackbox combinatorial solvers,2019,Vlastelica,Y,Y,,,"Vlastelica, M., Paulus, A., Musil, V., Martius, G., & Rolinek, M. (2019). Differentiation of blackbox combinatorial solvers. In International Conference on Learning Representations."
SF0282,End-to-end learning with multiple modalities for system-optimised renewables nowcasting,2023,Vohra,,Y,,,"Vohra, R., Rajaei, A., & Cremer, J. L. (2023). End-to-end learning with multiple modalities for system-optimised renewables nowcasting. arXiv preprint arXiv:2304. 07151."
SF0283,Estimation and inference of heterogeneous treatment effects using random forests,2018,Wager,,Y,,,"Wager, S., & Athey, S. (2018). Estimation and inference of heterogeneous treatment effects using random forests. Journal of the American Statistical Association, 113(523), 1228–1242."
SF0284,More than accuracy: end-to-end wind power forecasting that optimises the energy system,2023,Wahdany,Y,Y,,,"Wahdany, D., Schmitt, C., & Cremer, J. L. (2023). More than accuracy: end-to-end wind power forecasting that optimises the energy system. Electric Power Systems Research, 221, Article 109384."
SF0285,Satnet: Bridging deep learning and logical reasoning using a differentiable satisfiability solver,2019,Wang,Y,,,,"Wang, P.-W., Donti, P., Wilder, B., & Kolter, Z. (2019). Satnet: Bridging deep learning and logical reasoning using a differentiable satisfiability solver. In International Conference on Machine Learning, pp. 6545–6554. PMLR."
SF0286,Automatically learning compact quality-aware surrogates for optimization problems,2020,Wang,,Y,,,"Wang, K., Wilder, B., Perrault, A., & Tambe, M. (2020). Automatically learning compact quality-aware surrogates for optimization problems. vol. 33, In Advances in Neural Information Processing Systems (pp. 9586–9596). Curran Associates, Inc."
SF0287,Distributionally robust prescriptive analytics with Wasserstein distance,2021,Wang,,Y,,,"Wang, T., Chen, N., & Wang, C. (2021). Distributionally robust prescriptive analytics with Wasserstein distance. arXiv preprint arXiv:2106.05724."
SF0288,Learning mdps from features: Predict-then-optimize for sequential decision making by reinforcement learning,2021,Wang,Y,,,,"Wang, K., Shah, S., Chen, H., Perrault, A., Doshi-Velez, F., & Tambe, M. (2021). Learning mdps from features: Predict-then-optimize for sequential decision making by reinforcement learning. Advances in Neural Information Processing Systems, 34, 8795–8806."
SF0289,LinSATNet: The positive linear satisfiability neural networks,2023,Wang,Y,,,,"Wang, R., Zhang, Y., Guo, Z., Chen, T., Yang, X., & Yan, J. (2023). LinSATNet: The positive linear satisfiability neural networks. In Krause, A., Brunskill, E., Cho, K., Engelhardt, B., Sabato, S., & Scarlett, J. (Eds.), Proceedings of the 40th International Conference on Machine Learning, Vol. 202 of Proceedings of Machine Learning Research, pp. 36605–36625. PMLR."
SF0290,Scalable decision-focused learning in restless multi-armed bandits with application to maternal and child health,2023,Wang,,Y,,,"Wang, K., Verma, S., Mate, A., Shah, S., Taneja, A., Madhiwalla, N., Hegde, A., & Tambe, M. (2023). Scalable decision-focused learning in restless multi-armed bandits with application to maternal and child health. arXiv preprint arXiv:2202. 00916."
SF0291,Smooth regression analysis,1964,Watson,,Y,,,"Watson, G. (1964). Smooth regression analysis. Sankhyā: The Indian Journal of Statistics, Series A, 26(4), 359–372."
SF0292,End to end learning and optimization on graphs,2019,Wilder,Y,Y,,,"Wilder, B., Ewing, E., Dilkina, B., & Tambe, M. (2019). End to end learning and optimization on graphs. vol. 32, In Advances in Neural Information Processing Systems. Curran Associates, Inc."
SF0293,Melding the data-decisions pipeline: Decision-focused learning for combinatorial optimization,2019,Wilder,,Y,,,"Wilder, B., Dilkina, B., & Tambe, M. (2019). Melding the data-decisions pipeline: Decision-focused learning for combinatorial optimization. vol. 33, In AAAI Conference on Artificial Intelligence (01), (pp. 1658–1665)."
SF0294,Melding the data-decisions pipeline: Decisionfocused learning for combinatorial optimization,2019,Wilder,Y,,SF0293,same work: Wilder et al. AAAI 2019: 'Decisionfocused' vs 'Decision-focused',"Wilder, B., Dilkina, B., & Tambe, M. (2019a). Melding the data-decisions pipeline: Decisionfocused learning for combinatorial optimization. In The Thirty-Third AAAI Conference on Artificial Intelligence, AAAI 2019, The Thirty-First Innovative Applications of Artificial Intelligence Conference, IAAI 2019, The Ninth AAAI Symposium on Educational Advances in Artificial Intelligence, EAAI 2019, Honolulu, Hawaii, USA, January 27 - February 1, 2019, pp. 1658–1665. AAAI Press."
SF0295,Simple statistical gradient-following algorithms for connectionist reinforcement learning,1992,Williams,Y,,,,"Williams, R. J. (1992). Simple statistical gradient-following algorithms for connectionist reinforcement learning. Mach. Learn., 8, 229–256."
SF0296,Fluid antenna system for 6g: When bruce lee inspires wireless communications,2020,Wong,Y,,,,"Wong, K.-K., Tong, K.-F., Zhang, Y., & Zhongbin, Z. (2020). Fluid antenna system for 6g: When bruce lee inspires wireless communications. Electronics Letters, 56 (24), 1288–1290."
SF0297,Differentiable linearized ADMM,2019,Xie,,Y,,,"Xie, X., Wu, J., Liu, G., Zhong, Z., & Lin, Z. (2019). Differentiable linearized ADMM. In International Conference on Machine Learning (pp. 6902–6911). PMLR."
SF0298,Stock movement prediction from tweets and historical prices,2018,Xu,,Y,,,"Xu, Y., & Cohen, S. B. (2018). Stock movement prediction from tweets and historical prices. In Proceedings of the 56th Annual Meeting of the Association for Computational Linguistics (pp. 1970–1979). Association for Computational Linguistics."
SF0299,A semi-‘‘smart predict then optimize’’ (semi-SPO) method for efficient ship inspection,2020,Yan,,Y,,,"Yan, R., Wang, S., & Fagerholt, K. (2020). A semi-‘‘smart predict then optimize’’ (semi-SPO) method for efficient ship inspection. Transportation Research, Part B (Methodological), 142, 100–125."
SF0300,Shipping domain knowledge informed prediction and optimization in port state control,2021,Yan,,Y,,,"Yan, R., Wang, S., Cao, J., & Sun, D. (2021). Shipping domain knowledge informed prediction and optimization in port state control. Transportation Research, Part B (Methodological), 149, 52–78."
SF0301,"An extended smart ‘‘predict, and optimize’’ (SPO) framework based on similar sets for ship inspection planning",2023,Yan,,Y,,,"Yan, R., Wang, S., & Zhen, L. (2023). An extended smart ‘‘predict, and optimize’’ (SPO) framework based on similar sets for ship inspection planning. Transportation Research Part E: Logistics and Transportation Review, 173, Article 103109."
SF0302,Pairwise-comparison based semi-spo method for ship inspection planning in maritime transportation,2022,Yang,Y,,,,"Yang, Y., Yan, R., & Wang, H. (2022). Pairwise-comparison based semi-spo method for ship inspection planning in maritime transportation. Journal of Marine Science and Engineering, 10 (11), 1696."
SF0303,Decision-making with side information: A causal transport robust approach,2023,Yang,,Y,,,"Yang, J., Zhang, L., Chen, N., Gao, R., & Hu, M. (2023). Decision-making with side information: A causal transport robust approach. Available at https://optimizationonline.org/?p=20639. 88"
SF0304,A survey of adjustable robust optimization,2019,Yanıkoğlu,,Y,,,"Yanıkoğlu, I., Gorissen, B. L., & den Hertog, D. (2019). A survey of adjustable robust optimization. European Journal of Operational Research, 277(3), 799–813."
SF0305,Assessing the performance of deep learning algorithms for newsvendor problem,2017,Zhang,,Y,,,"Zhang, Y., & Gao, J. (2017). Assessing the performance of deep learning algorithms for newsvendor problem. In D. Liu, S. Xie, Y. Li, D. Zhao, & E.-S. M. El-Alfy (Eds.), Neural information processing (pp. 912–921). Cham: Springer International Publishing."
SF0306,A universal end-to-end approach to portfolio optimization via deep learning,2021,Zhang,,Y,,,"Zhang, C., Zhang, Z., Cucuringu, M., & Zohren, S. (2021). A universal end-to-end approach to portfolio optimization via deep learning. arXiv preprint arXiv:2111. 09170."
SF0307,Data-driven piecewise affine decision rules for stochastic programming with covariate information,2023,Zhang,,Y,,,"Zhang, Y., Liu, J., & Zhao, X. (2023). Data-driven piecewise affine decision rules for stochastic programming with covariate information. arXiv preprint arXiv:2304. 13646. 28"
SF0308,Optimal robust policy for feature-based newsvendor,2023,Zhang,,Y,,,"Zhang, L., Yang, J., & Gao, R. (2023). Optimal robust policy for feature-based newsvendor. Management Science."
SF0309,Joint estimation and robustness optimization,2022,Zhu,,Y,,,"Zhu, T., Xie, J., & Sim, M. (2022). Joint estimation and robustness optimization. Management Science, 68(3), 1659–1677."
SF0310,Maximum entropy inverse reinforcement learning,2008,Ziebart,,Y,,,"Ziebart, B. D., Maas, A. L., Bagnell, J. A., & Dey, A. K. (2008). Maximum entropy inverse reinforcement learning. Vol. 8, In AAAI Conference on Artificial Intelligence (pp. 1433–1438). Chicago, IL, USA. 89"
SF0311,New multicategory boosting algorithms based on multicategory fisher-consistent losses,2008,Zou,Y,,,,"Zou, H., Zhu, J., & Hastie, T. (2008). New multicategory boosting algorithms based on multicategory fisher-consistent losses. The Annals of Applied Statistics, 2 (4), 1290."
SF0312,"The elements of statistical learning: data mining, inference, and prediction",2009,Hastie,,Y,,restored 2026-09-21: dropped by 'Vol' title collision with SF0081,"Hastie, T., Tibshirani, R., & Friedman, J. H. (2009). Vol. 2, The elements of statistical learning: data mining, inference, and prediction. Springer."
SF0313,Generalization bounds in the predict-then-optimize framework,2022,El Balghiti,,Y,SF0086,"restored 2026-09-21: journal version, merged into NeurIPS 2019 entry on title","El Balghiti, O., Elmachtoub, A. N., Grigas, P., & Tewari, A. (2022). Generalization bounds in the predict-then-optimize framework. Mathematics of Operations Research, 48(4), 1811–2382."
